-0.0476191;-0.0277382;-0.019076
0.0476672;-0.0278041;-0.0300608
-0.00137096;-0.0550386;-0.0230538
-0.0475757;-0.0277431;0.0257743
-0.047464;-0.0279696;0.0068929
-0.0476617;0.0275066;-0.158648
0.0477984;-0.0274197;0.0265369
-0.047404;0.0280911;-0.00896511
-0.0466333;-0.0291653;-0.0182554
-0.0475954;0.0276663;-0.0480952
-0.0484623;-0.0263585;-0.0326354
-0.0477375;-0.0274354;0.169237
-0.0475538;-0.0279365;0.0510263
-0.000642454;0.055022;0.0267754
0.0456699;-0.0309886;-0.0271978
-0.0475139;0.0280113;-0.0471826
0.000202737;0.0550683;0.0887617
0.000626117;0.0550148;0.0326864
-0.0475042;0.0279221;-0.0788257
-0.0469995;-0.0286086;-0.0181556
-0.0474172;0.0280019;-0.121975
0.0479713;0.0269036;-0.0248782
0.0479053;0.0273465;-0.121614
-0.0475452;-0.0277311;0.0196155
0.0472133;0.0285763;0.00874759
8.96561e-05;-0.0550721;-0.0127826
-0.0002763;-0.0550698;-0.0237428
0.00116612;-0.0551309;-0.0531146
0.0478244;-0.027527;0.0296664
0.0479143;0.0273982;-0.173547
-2.08868e-05;0.0551794;0.0637644
0.0468388;-0.028901;0.00647556
-0.0474274;0.0278646;-0.0364535
-0.0473166;0.0281617;-0.0493842
0.0475337;-0.0279747;0.0475371
-0.047898;-0.0274202;0.0861399
-0.0476347;0.0276842;-0.0699806
0.0474032;0.0279875;-0.0464559
-0.000382402;0.0551098;0.0116996
-0.0461498;-0.0299996;0.0387682
0.0479727;0.0271143;-0.0682605
0.000442587;-0.055141;-0.0222578
0.000219854;0.0550844;0.0127785
0.0474367;-0.0278614;0.0560133
0.0478529;0.0272365;-0.0608885
0.0470379;-0.0288113;0.0176802
0.000476615;-0.0550903;-0.00794414
-0.00106296;0.0551151;-0.0261324
-0.0476895;-0.0275581;-0.020962
-0.0484488;-0.0263057;0.036692
-0.00222287;0.0550047;-0.0170062
-0.0472175;-0.0282278;0.0735482
-0.0481955;0.0268128;-0.0847727
0.0478777;0.0270904;-0.042228
0.0489047;0.0256065;-0.0435788
-0.0490139;-0.0249595;-0.00213738
-0.000537692;-0.055046;-0.00632534
-0.0469815;-0.0287445;0.00445079
0.0016621;0.0550179;0.0138034
0.0472302;0.0281851;-0.0321388
-0.000120119;-0.0552157;-0.0426684
0.0495294;-0.0241066;-0.0114008
-0.000140876;-0.0551154;-0.0691325
-0.00113765;0.0550631;-0.00302526
0.0474337;0.0279107;-0.0437384
0.0004281;0.0551234;0.0504947
0.0476244;0.0276341;-0.0320314
0.0478229;-0.0273674;0.0218511
0.0477914;0.0272478;-0.0908316
0.0488375;0.0254689;0.010947
-0.0484087;0.02624;0.0119668
-0.000170709;0.0550421;0.0690457
0.0479442;-0.0270418;0.0836932
0.0476542;-0.0278635;-0.029209
-0.00150465;-0.0550131;-0.0337789
-0.000149641;-0.0551033;-0.0795572
0.0483792;0.0262373;-0.107786
0.0466774;0.0293077;-0.0442143
0.0491992;-0.0248348;0.00188009
-0.047571;0.0278835;-0.156978
0.0490411;0.0250122;-0.0405266
-0.0477481;0.0273261;-0.0515515
0.0474998;0.0279796;-0.090638
0.0467326;-0.0291667;0.00280651
-0.00034296;-0.0550461;-0.0244652
-0.0476117;-0.0280189;0.0302628
-0.0483206;-0.0263623;-0.0224167
-0.000343874;-0.0551927;-0.118593
0.0476056;-0.0275776;0.0319428
-0.0470225;0.0286125;-0.0162088
-0.0477384;0.02752;-0.0957211
-0.0477461;0.0275072;-0.17702
-0.000697322;0.0550208;0.00624722
-0.0482372;0.0264495;0.0100557
0.0486928;-0.025829;0.051999
0.0476722;0.0277296;-0.135276
0.0472211;0.0286372;0.000202069
-0.00223695;0.05497;-0.00404274
-0.0480482;0.0267784;-0.0190869
0.00264067;0.054969;0.00690839
0.00237498;-0.0551058;-0.0582234
-0.0473339;0.0281446;-0.0117795
0.0483947;-0.026201;-0.00597423
0.0468335;-0.0291542;-0.0106133
-0.0470322;-0.028603;-0.00483558
-0.0473707;0.0279492;-0.0848925
0.0472977;-0.0283202;-0.0188544
0.000143493;-0.055083;-0.0650954
0.00050534;0.0550765;0.117779
-0.048295;-0.0264986;0.0148089
0.047986;-0.027041;-0.00293669
0.000571114;0.0551412;0.0177161
-5.32522e-06;0.0551716;0.0502844
0.0464131;0.029663;-0.05797
-0.0472812;0.028304;0.00281392
-0.0483518;0.0265215;0.00597064
0.0485592;0.0261506;-0.0502705
-0.00143884;-0.0550595;-0.00481015
0.0477904;0.0273383;-0.172062
0.0472193;-0.0286464;0.0172241
-0.00126466;-0.055069;0.00252844
-0.0471109;0.0284931;-0.0176989
-0.0473099;-0.0282577;0.0577971
7.63584e-05;0.0550396;0.160695
-0.0476142;0.0278245;-0.0106092
9.04792e-05;0.0550674;0.106556
0.0479911;-0.0269648;-0.00980308
0.00187098;-0.0551229;-0.00950887
0.0474741;-0.0278292;0.0474395
-0.0475711;-0.0276122;0.0733612
0.00130219;-0.0552249;0.00528613
0.00164188;0.0551091;0.000380827
-0.0477471;0.0277774;-0.0723619
0.0464114;0.0296428;-0.0407718
0.0475464;-0.0279337;0.0286681
-0.000166985;-0.0550587;-0.0503427
-0.000421415;-0.0551768;-0.0588305
-0.047723;0.0277088;-0.137154
0.047935;0.0272834;-0.119619
0.0013494;0.0550529;0.00282898
-0.000781471;0.0550727;0.0180134
-0.00039156;0.0552245;0.0336369
-0.0478821;-0.0271108;0.00914225
0.0473862;0.0281256;-0.00361654
-0.0477951;0.0272876;-0.0410506
0.00158697;0.0552145;0.0292406
-0.000814205;-0.0550606;-0.0476759
-0.000510575;0.0552012;0.0346263
0.000134875;0.0551654;0.113513
0.0484002;-0.0261481;0.0322774
-0.0484036;-0.0261949;0.0486079
-0.000201418;0.0551348;0.0201685
-0.0459905;0.0303414;-0.0247923
-0.0473175;-0.0284352;0.0194226
0.0473179;0.0280985;-0.0156329
-0.000646171;0.0550394;0.00229125
0.0479157;0.0272133;0.00738121
0.000594508;0.0552202;0.052559
-0.000794244;0.0550967;-0.0105639
0.0479693;0.0272964;-0.0325555
0.0470149;-0.0287518;-0.000892415
-0.0478234;-0.027328;0.0739405
-0.00091515;-0.0550342;-0.0396184
0.00148416;-0.0550473;-0.0348359
-0.00043696;0.055162;-0.00960648
0.0477052;0.0278295;0.000809269
-0.0478288;-0.0271828;-0.0149071
0.0452862;-0.0314111;-0.013512
-0.0470784;-0.0285012;0.0128662
0.0481943;0.0269321;-0.0587791
0.0478762;0.0272341;-0.0638158
-0.000215995;0.0550002;0.030684
-0.000442112;0.0550134;0.0180275
-0.0476986;-0.0277039;0.0724735
-0.000224305;0.0550076;0.0590545
0.0477914;0.0273622;-0.0141435
-0.0482453;-0.0267203;-0.0161788
-0.0464674;-0.0294569;0.0506771
-0.0479177;0.027206;-0.0870305
0.0471278;0.0283765;-0.00768016
-0.000462137;0.0551829;0.0147949
0.000760419;-0.0550587;-0.0321708
-0.00211675;0.0550385;0.0389565
-0.0484282;0.0262401;-0.0255087
0.047996;-0.0273452;0.0700562
-0.000434263;-0.0550672;-0.0146057
0.0467137;-0.0292195;0.00685281
0.0476187;-0.027562;0.0153339
0.00286948;-0.0550743;0.00842022
-0.00231464;-0.0549576;-0.00359243
0.000720874;0.0551671;0.0884741
-0.0477203;-0.0275389;0.00171213
-0.048444;-0.0262284;0.0356113
-0.0475473;-0.0276684;0.0306638
0.0476138;0.0277078;-0.0151375
-0.0476055;0.0276329;-0.10391
0.0482502;-0.0264353;0.0647647
-0.04767;-0.0275163;0.0464706
0.0472326;-0.0284719;-0.00364592
0.049211;0.0247542;-0.0442714
-0.000943841;0.0550401;0.0269131
-0.000302394;-0.0551567;-0.0336912
0.0473209;-0.0281013;0.0482165
0.0477508;-0.0275326;0.0566282
-0.0487816;-0.0256284;0.0320854
0.000506324;-0.0550117;-0.010615
0.000235946;0.0550537;0.139014
0.048217;0.0264627;-0.108365
-0.0477627;-0.0275846;0.0526632
0.0478542;0.0272731;-0.0617293
-0.0477328;0.0274529;-0.0647437
0.000314417;-0.0552162;-0.0311844
-0.000509979;-0.0551511;-0.00458206
-0.047189;0.0284567;-0.00405181
0.0483728;0.0265473;-0.0339924
0.00319928;0.0550888;-0.01576
0.0481684;-0.0265728;-0.010393
0.00256447;0.0549431;0.0232752
0.0469718;0.0287339;-0.0410956
0.048031;0.0268321;-0.0109787
0.0476319;-0.0278412;0.137049
0.047322;0.0280831;-0.053435
-0.0483546;-0.0264163;0.0177358
-0.00172717;-0.0550227;-0.0064936
0.00130701;-0.0551658;0.00189128
-0.00123546;-0.0551768;0.00193029
-0.0478562;-0.0273645;0.0843599
0.0481741;-0.0268555;-0.0158805
-0.0479679;-0.0269547;0.00846945
-0.0467346;-0.0290957;-0.00137793
-0.0480187;-0.0268433;0.00321423
0.0476226;-0.0276132;0.0155214
-0.0482202;0.0268519;-0.037757
0.0471279;0.02846;0.00970252
-0.000906367;-0.0550356;-0.0174178
0.0478763;0.0274846;-0.109294
-0.0474197;0.028245;-0.0741777
-0.0478322;0.0274537;-0.00491519
0.0487709;-0.0255313;-0.0242791
-0.0480365;0.027203;-0.0566812
0.000171152;0.0550131;0.00289553
-0.0475608;0.0279118;-0.0831794
-0.00115877;-0.0551002;-0.0194752
-0.0488367;0.0258277;-0.0137966
0.0471718;-0.0283328;0.0351546
0.0478894;-0.0272823;0.0653891
-0.000311953;0.0550532;0.0261998
-0.0476065;-0.0275574;0.0306938
0.00134643;0.055049;0.0157493
0.000738133;-0.0551472;-0.00941098
0.0481693;0.026971;-0.0572215
0.0474011;0.0280876;-0.0517075
-0.0477782;-0.0276068;0.0346811
0.0485192;-0.0260146;0.00613349
0.0481331;0.026625;-0.0250982
-0.047217;-0.0282222;-0.0161114
0.0473571;0.0280062;-0.0499236
-0.048432;-0.0262242;-0.013313
0.0476081;-0.0277241;0.120506
-0.00168905;-0.0551794;-0.000881058
-0.000115722;0.055183;-0.00153985
0.0483245;-0.0263743;0.0309462
0.00114208;-0.0550087;-0.0350551
-0.0469135;0.0288617;-0.0443796
-0.000800621;0.0550942;0.0398465
0.00320654;-0.0549207;-0.0257784
-0.000216404;-0.0551075;-0.163158
0.000217168;-0.0550518;-0.0577616
0.0476263;0.0275518;-0.0274481
0.0479717;0.0271137;-0.0110506
0.0473291;-0.0283698;-0.00811895
0.0475102;-0.0278691;0.0254051
0.0478946;0.0271102;-0.0358986
-0.000381176;0.0550848;0.0725929
0.0476891;-0.0274414;0.094479
0.0465114;-0.0295042;0.00386221
-0.0485526;-0.0258797;0.0504625
0.0487844;-0.0257255;0.00641258
-0.046304;-0.0297275;-0.00630727
-0.00161765;-0.055244;-0.0897196
0.00131249;0.0550988;0.0369165
0.0473947;0.0280702;-0.105144
0.0458298;-0.0305849;-0.0245462
0.0477635;-0.0277309;0.0424779
0.0472719;-0.0281581;0.0126525
7.88089e-05;-0.0550055;-0.0648841
0.00101853;0.0550445;0.0407128
-0.0476497;0.0275794;-0.125421
0.00180175;0.055067;-0.0223834
0.0476017;-0.027864;0.0880323
0.00194503;-0.055015;-0.0177481
0.00132473;0.0551039;-0.0103616
0.0478385;-0.0274984;0.0540694
-0.0480132;-0.0271975;-0.00673256
0.0488005;-0.0253677;0.0293187
-0.0476302;0.0275033;-0.0734436
0.00198882;-0.055106;-0.0574666
-0.0487272;0.0259255;-0.0245502
0.000937203;-0.0552393;-0.00418399
-0.0475561;0.0279138;-0.0939868
0.0461368;0.0302258;-0.0180247
0.0476446;-0.0277605;0.0853152
0.0478318;0.0273256;-0.0832428
-0.000224396;0.0550652;0.0394735
0.0477483;0.0273324;-0.113852
-0.000243288;-0.0550275;-0.116825
-0.0486305;0.0258944;0.000665102
-0.0477888;-0.0274865;-0.00350596
0.00337968;0.0549019;-0.0273265
9.26384e-05;0.0550498;0.000298279
-0.0477597;-0.02773;0.0211875
-0.047497;0.0278958;-0.0856572
0.0463134;0.0296748;0.00236188
-0.0477197;-0.0275148;0.0475778
-0.0481542;-0.0266944;-0.0130129
0.0479209;0.0273431;-0.160638
0.0487841;0.025634;-0.0362014
-0.0471878;0.0287964;-0.0465895
0.0471393;-0.0284211;0.0206143
0.000870912;0.0550876;-0.0122362
-0.0023336;0.0551352;-0.013749
0.0481381;-0.0267275;-0.0259274
-0.0463096;0.0297459;-0.0415728
-0.00127675;0.0551316;0.00876771
0.0480706;0.0272581;-0.0530984
-0.0475828;-0.0277389;0.0956078
0.0477257;0.0274439;-0.0625124
0.0459798;-0.0302302;0.0313548
0.000619674;0.0551252;-0.00180396
-0.0471635;0.0287839;-0.0616462
0.00251853;-0.055095;-0.0181489
0.047048;-0.0288431;0.00822443
0.0457724;-0.0305137;-0.0246947
0.0463468;0.0297097;-0.0207282
0.0482274;0.0265894;0.0141406
-0.047263;-0.0282569;0.0185598
0.00232263;0.0550731;0.0398432
-0.0482667;0.0266191;-0.0272972
-0.0472974;0.028173;-0.0408833
-0.0473145;-0.0281302;0.0171398
-0.0478413;-0.0272997;0.0129922
0.0483359;0.0263954;-0.0112169
0.000100564;0.0551253;0.139043
0.0477596;-0.0275477;0.0895668
-0.0486919;0.0256587;-0.0481109
0.0457062;-0.0306449;0.030712
0.0475215;-0.0281222;0.0138558
0.00017529;0.05501;0.1571
-0.0478807;-0.0272885;0.0486517
-0.0474323;-0.0281429;0.035196
-0.0484908;0.0259807;-0.00353611
-0.00060029;0.055209;-0.0220091
0.0480334;-0.0269725;-0.0141265
-0.000340542;-0.0550432;-0.0857622
0.0483045;-0.0264445;-0.0112717
9.99012e-05;0.0550067;0.0267944
0.0487487;-0.0257996;-0.00837184
-0.0463121;0.0296922;-0.0139175
-0.0014209;-0.0551456;-0.0417308
0.0474493;0.027999;-0.0399802
-0.000178471;-0.0550452;-0.0473004
0.00113097;-0.055132;0.000682631
-0.0479341;-0.0269763;0.0499896
0.0475408;-0.0277666;0.155328
-4.74385e-05;-0.0550793;0.000306595
-0.0485858;-0.0261332;-0.00967987
-0.0477585;0.027601;-0.0400374
0.0478703;0.0275068;-0.0926565
-0.0491684;-0.0247257;-0.0266606
0.000653373;0.0551378;0.0159589
6.04301e-05;0.0550711;0.0632468
-0.0476097;0.0277024;-0.128062
0.0483706;-0.0261912;0.0413195
9.70578e-05;0.0550929;0.05312
-0.0487163;-0.0260061;-0.0155354
0.000197731;0.055056;0.122264
0.0484804;0.0263781;0.00381164
0.0478213;0.0275144;-0.0285791
-0.0480412;-0.0270517;0.0925983
-0.000928151;-0.0550946;0.00906822
-0.000227786;-0.0550037;-0.100202
-0.000327581;-0.0550898;-0.052993
-0.000494136;-0.0550249;-0.0920115
-0.0476795;-0.0276731;-0.00639964
-0.0469133;0.0288004;-0.0756233
0.0479412;0.0272299;-0.0354013
0.0484151;-0.0264906;0.00234236
-0.0475192;-0.0279119;0.0158563
0.000407876;-0.0551456;0.00578428
0.0491402;-0.0248599;-0.00627998
-0.0490366;0.0251215;-0.0334107
-0.0481543;0.0269925;-0.0221999
-0.0472448;0.0285667;-0.062146
0.046941;0.0287009;-0.069803
0.00120058;-0.0551178;-0.0779268
-0.0474723;0.0278128;-0.0354968
0.0475654;-0.0279305;0.0913529
-0.0470534;0.0288542;-0.0962741
0.0479489;0.0271428;-0.0536141
-6.71408e-05;-0.0550924;-0.191248
0.00209959;0.0551914;0.00930941
0.0475586;0.0276281;-0.0392771
-0.0459245;-0.0302702;-0.00691551
0.00198974;-0.0551932;-0.018215
-0.0469545;0.02872;-0.00933711
0.0481478;0.0267381;-0.00988422
0.0482176;-0.0265323;0.0548714
0.0479695;0.0271863;-0.0436106
-0.0476855;0.0277339;-0.186217
-0.0478108;-0.0272549;0.110587
-0.0470259;-0.0285292;0.00297415
0.047636;-0.0276494;0.00153022
0.00207354;-0.0549661;-0.0392936
-0.0480718;-0.0269305;0.0130326
0.000299295;-0.0550987;-0.0535998
-0.0476723;0.0275488;-0.0293081
0.047825;0.0272324;-0.144029
0.00129222;0.0550471;0.0348775
0.00119028;0.0550869;0.0232854
-0.0473051;0.0282417;-0.037054
0.000133368;-0.0551271;-0.0269094
0.048327;-0.0266184;0.075028
-0.000310085;0.0551486;0.0778179
-0.0480305;-0.0271641;0.00797064
0.047977;0.0273357;-0.0165471
0.000456184;0.0551175;-0.0322143
-0.0482998;0.0267395;-0.110754
-0.00240348;0.055035;0.00116517
-0.0475848;0.0278803;-0.122208
-0.00207124;0.0551538;-0.00967513
-0.0485681;0.0258421;-0.0273014
-0.0489285;0.0254148;-0.0246601
0.000559799;-0.0550025;-0.02654
-0.0479405;-0.0274454;0.145328
0.0486926;-0.0257938;0.0094171
0.000117128;0.0552282;0.0678959
-0.0473636;-0.0283498;-0.02097
0.0479229;0.0273783;-0.0892258
0.0470779;-0.0286129;-0.0285189
-0.0481515;-0.0269863;-0.00872573
-0.0484747;-0.0261816;0.0115247
-0.0469622;0.0287763;-0.0209626
0.0471739;-0.028576;-0.00864441
-0.00254333;-0.05497;-0.00450308
0.048021;-0.0268484;0.00896524
0.0485797;-0.025884;0.0604339
-0.000438932;-0.0552618;-0.0231302
0.0477223;0.0274749;-0.0606658
0.000425934;0.0551123;0.0767401
-0.0476608;0.0276224;-0.0850635
0.00049793;-0.0551333;-0.0250819
-0.0480018;-0.0270814;0.0773084
-0.0481232;0.0267767;-0.0418083
-0.0483208;-0.0265569;0.0417224
-0.00395768;-0.0550021;-0.00901513
-5.66643e-05;0.0550271;0.115558
-0.0475315;0.0280529;-0.039563
0.0484184;0.0261566;-0.0568694
-7.45625e-05;0.0552424;-0.0175569
0.0474816;0.0280615;0.0037567
0.0493358;-0.0243463;-0.0343427
-0.0479218;0.0270287;-0.0745905
0.048019;0.0271044;-0.0379552
-0.0468788;-0.028828;-0.0123193
-0.0474047;-0.0279772;0.0306802
-0.0479888;0.0268729;-0.0313943
0.000187175;-0.0551625;-0.195604
0.0481143;-0.02668;0.079578
0.000107194;0.0551144;0.0991963
-0.000254693;-0.0550478;-0.0420633
-0.000849237;0.0551172;-0.0272058
-0.0482039;-0.0267422;-0.00118487
-1.20357e-05;0.0550615;0.0196815
0.0479553;-0.0269694;0.0673603
0.0481399;0.0266125;-0.0564675
0.00270512;0.0549528;-0.00440819
-0.0490182;-0.0250445;0.0220181
0.00219879;-0.0550742;-0.021775
0.0478399;0.0274197;-0.0889976
-0.00146511;0.0551785;-0.0175539
-6.48148e-06;0.0551117;0.0708417
0.00129611;-0.0552223;-0.0431832
-2.3116e-05;0.0551856;-0.0105305
-0.0485358;-0.0258796;0.00586686
0.0478587;-0.0272296;-0.0208441
-0.0479472;0.0270324;-0.0433058
-0.0470162;-0.0288169;0.0375509
-0.0480969;0.0267306;0.00211321
0.0485407;0.0260407;-0.0296535
0.0478543;0.0271408;-0.165673
-0.0484721;-0.0262008;0.0596549
0.048209;0.0265408;-0.0296741
0.0474293;0.0280268;-0.0325825
0.04776;-0.0273864;0.0362434
0.0484548;0.0261266;-0.0150108
-0.0476482;0.0274735;-0.0516533
-0.0481748;-0.0266575;-0.0272869
-0.04808;-0.0269487;0.121862
0.0484169;0.0262267;-0.0253603
0.0478054;0.0272409;-0.125797
-0.000885527;-0.0550611;-0.044619
-0.0477358;-0.0275393;0.0945132
0.0479845;-0.027093;0.039313
-0.0480784;-0.0268075;-0.0072053
0.000558505;0.0551858;0.010445
-0.00147526;-0.0550315;-0.0975035
-0.0475083;-0.0277522;0.0376461
0.0013442;-0.055028;0.00760206
0.0480071;-0.0270832;-0.0188723
0.000100604;0.0550706;0.0215583
-0.000814625;-0.0550284;-0.0177098
0.0479586;0.0272411;0.0124631
-0.047987;-0.0271525;-0.00455143
-0.00100555;0.0551135;0.0523195
-0.000944526;-0.0550437;-0.0470576
0.0481887;0.0266636;-0.0702758
0.0476987;0.0273986;-0.0461813
-0.0474713;-0.0279211;-0.00833513
0.0485087;0.0259608;-0.0228907
0.0477713;0.0273141;-0.107262
0.0477666;-0.0275329;0.134436
-0.00224231;-0.055195;-0.0762655
-0.0490447;0.0250554;-0.0203016
-0.0460719;0.0300986;-0.0226817
0.047763;0.0272865;-0.0206389
-0.00379946;0.0549043;0.00925759
-0.00132118;0.0550667;-0.00574079
0.0484948;0.0264079;-0.0779768
0.000115855;-0.0550629;-0.0566925
0.0480747;-0.0268521;-0.0105728
0.0479481;-0.0273487;-0.0188966
-0.00101081;-0.0551435;-0.00730308
0.000656869;0.0551025;-0.0283987
-0.00101897;0.0551213;0.0246429
-0.047823;-0.0271778;0.0268573
0.0479208;0.0272193;-0.127468
0.0474433;0.0279644;0.0100182
-0.0476641;-0.0275237;0.109595
0.00104268;0.055078;0.0100428
0.0474235;-0.028241;0.0296517
0.0013858;-0.0550748;-0.047125
8.39334e-05;0.0550349;0.093884
-0.0479789;-0.0270383;0.00364912
0.00187713;0.0550133;0.0424665
-0.000718237;-0.0549989;0.0175375
-0.0483496;-0.0264771;-0.00711414
0.00424064;0.0549224;0.0054897
-0.0478033;0.0273149;-0.00774724
-0.00101036;0.0550005;0.0537755
0.0012435;0.0551237;0.000593128
-0.0476404;0.0274931;-0.144939
0.000475156;-0.0550052;-0.0451177
-0.0480486;-0.0268447;-0.00926771
0.0472417;0.028171;-0.0853668
0.0474762;0.0281544;-0.0636039
0.000430462;-0.0551611;-0.0296667
-0.000142721;-0.055087;-0.0990876
-0.0464684;0.0297628;-0.00560792
-0.0476192;0.0277845;-0.134624
-0.0477109;0.0278764;-0.0628831
0.000279611;-0.0552684;-0.0184446
0.00113021;-0.0551114;-0.0307274
-0.0468951;0.0288895;-0.00172767
-0.00101158;-0.0549929;-0.000951176
-0.000302543;0.0550758;-0.00606387
-0.0478197;-0.0273291;0.131091
-0.00227935;0.0550764;-0.00212241
-7.38199e-05;0.0550217;0.0477788
-0.0473132;0.0282563;-0.0447963
0.048155;0.0267014;-0.0582638
0.0466659;0.0292993;-0.0536596
0.0487196;-0.0258763;0.0129049
-0.0471197;0.0285146;-0.00531824
-0.0489131;-0.0255634;-0.00220231
0.0462194;-0.0299292;0.0138591
0.0482707;0.0267124;-0.00210647
0.0473886;-0.0279302;0.155154
0.0476504;0.0276929;-0.0717438
0.0478961;-0.0273692;0.0344891
0.0481044;0.0268879;-0.131281
0.047997;-0.0269982;0.0127719
0.000954736;-0.0552142;-0.0103495
0.0479352;0.0271889;-0.0726873
-0.0469998;0.0287137;-0.00204561
0.0481585;-0.0267259;0.0233618
0.0471686;-0.0283312;0.00138244
-0.00048592;-0.0551923;-0.0201138
0.0485517;-0.0258561;0.0415835
0.0476623;-0.0277251;0.0391158
-0.0483817;-0.0264691;0.00339634
0.0017016;0.0550768;-0.0149184
0.00140759;0.0550931;-0.0244935
-0.0477438;0.0273804;-0.0407111
-0.0481163;-0.0268593;0.0590776
2.7115e-05;0.0551151;0.0300857
-0.0476349;-0.0277373;0.0155458
0.0469185;-0.0288884;0.0650276
-0.000124169;0.0550697;0.084536
-0.0474031;0.0280417;-0.0458329
0.0459343;-0.0303767;0.00927865
-0.0479048;0.0270243;-0.0418549
-0.000577597;0.0550769;0.00127521
0.0475663;0.0280718;-0.127852
0.0482002;0.0268062;0.0100697
0.0486752;0.0258848;-0.0824617
6.44763e-05;0.055043;0.0449938
0.000908239;0.05511;0.0203493
0.000819517;0.0552272;0.00192877
-0.0481198;-0.0268622;0.0559053
0.0476233;-0.027527;0.0406287
-0.00147648;0.0550323;-0.0281012
-0.0474676;-0.0278955;0.0290027
-0.0459167;0.0304074;0.000893454
-0.00177682;0.0550035;0.0509238
-0.0474544;-0.0279673;-0.0134843
0.00111259;0.0551638;0.0284953
0.0473013;-0.0280768;0.00380846
-0.047798;0.0273019;0.00501262
0.04788;0.0273759;-0.0851689
0.0488949;0.0255154;-0.0584121
7.22907e-05;0.0550163;-0.019864
-0.0477457;0.0277927;-0.109098
0.0479604;-0.0272755;-0.0255954
-0.0475268;0.0277772;-0.155028
0.000448487;-0.0550552;-0.0175544
-0.000508635;-0.0550317;-0.0797267
-0.0475136;0.0277684;-0.014975
0.0475797;0.0276464;-0.0568855
-0.0471519;-0.0283706;0.013461
0.0480835;0.0272358;0.00206595
-0.0479753;-0.0273778;0.131232
-0.0485188;-0.0261926;-0.0091651
0.0479074;0.0274415;-0.127025
0.0469286;-0.0291742;-0.00566737
0.000661401;-0.0550252;-0.0276369
-0.00254888;-0.0549929;-0.0371266
0.0477757;0.0272893;-0.13205
-0.00152113;0.0550392;-0.00996186
0.04745;-0.0280388;0.0449697
-0.00184261;0.0550058;0.0258969
-0.000157511;-0.0552017;-0.0240761
3.76771e-06;-0.0550786;-0.0745856
-0.0477175;-0.027391;0.0643464
-0.0475507;-0.0276878;0.0196235
-0.047697;0.027511;-0.0560995
-0.047044;-0.0285582;-0.0184292
-0.0478078;-0.0275156;0.138109
-0.04778;0.0275448;-0.109211
-0.0483671;0.0264201;-0.00532025
-0.046069;0.0300811;-0.0387983
0.000908955;0.0551104;-0.00245328
-0.0470936;0.0287859;-0.0107053
0.000340424;-0.0551492;-0.0792963
0.0474;-0.0283186;-0.000703117
-0.0476468;0.0274926;-0.143534
0.0457479;-0.0308277;-0.0137708
0.0483341;0.026386;-0.0944305
-0.0479554;0.0270175;-0.061287
0.0469678;0.029;-0.0320529
-9.60713e-05;-0.0552442;-0.0448161
-0.0480197;-0.0273542;0.0969022
0.000456942;0.0550493;0.0506853
0.0475688;0.0276269;-0.0425237
0.000963916;0.0551445;0.0237663
-0.0472411;-0.028329;0.00545281
0.0476996;-0.0276565;0.135111
-0.00179214;-0.0552344;0.000323859
0.0473322;-0.0280243;0.0108834
0.0477485;0.0274056;-0.0784718
0.047658;0.027456;-0.0132143
-0.000212968;0.0551335;0.0370459
-0.0477146;0.0274133;0.0117754
-0.00229206;-0.055132;-0.0063202
0.000380224;-0.0550045;-0.0417124
-0.0485902;0.0262628;-0.0748998
0.0469073;0.029238;-0.0603036
0.00145606;-0.0549952;0.00209839
-0.0461217;0.0301642;-0.024703
0.0477114;-0.0276967;0.164759
-0.0471628;-0.0284365;-0.0069948
0.047789;-0.0274007;0.0463809
0.0478909;-0.0273931;0.0190057
0.0480818;0.026728;-0.0300374
0.00289616;0.0549245;-0.00111782
0.0479762;0.0271571;-0.0318268
-0.000846631;-0.0550059;-0.0597197
0.0475311;-0.0279749;0.0924322
-0.0488589;-0.0256068;-0.000531202
0.000649907;0.0551559;0.122109
0.0478109;-0.0276478;0.010041
0.0473941;0.0281073;-0.0406492
0.0462713;-0.0298892;-0.0133141
-0.0475357;0.0279269;-0.0355503
0.0480098;0.0268532;0.00278795
0.00276081;0.0549365;0.038528
-0.0477943;-0.0275212;-0.0232419
0.0475227;-0.0280427;0.0119199
0.0479074;-0.0270316;-0.0187345
-0.000395269;-0.0550737;-0.0628552
-0.00121026;-0.0550368;-0.0262862
-0.00116114;-0.0550815;-0.0231431
-0.0474711;0.0277804;-0.0492562
0.0478758;-0.0271664;0.0197341
0.0481016;0.026724;-0.101154
1.95296e-05;-0.0552212;-0.0123923
-0.0483041;-0.0263113;-0.0201444
-0.0477063;0.0276028;-0.108709
0.0472738;-0.028276;-0.00538587
-0.0474959;-0.027858;0.0216997
0.0492831;-0.024524;0.00999005
-0.0479049;-0.0274254;0.114677
0.000477959;0.0551254;-0.0158614
-0.046977;0.0286739;-0.0365887
0.0479158;0.0271166;-0.0385812
0.0478839;0.0271041;-0.0708402
0.0491696;-0.0250805;-0.0155152
-0.0477842;0.0272937;-0.0419458
0.0472275;-0.0282884;-0.0111245
0.00185896;0.0550649;-0.00881833
0.048831;0.0254208;-0.0327685
-0.0478204;-0.0273478;0.0559589
-0.0476044;-0.0278342;0.052806
0.000301312;-0.0550392;-0.0161571
0.0479339;0.0270093;-0.00654068
-0.0485598;0.0260549;0.00971994
-0.000857129;-0.0551332;-0.00685388
0.048504;-0.0260019;-0.00697549
0.0484699;0.0261231;-0.0376732
0.00342428;0.0550626;-0.0119161
-0.0463351;0.0299162;-0.0468957
-0.00036543;-0.055018;-0.0849689
-0.0480189;-0.0269389;0.0337771
-0.0471817;0.0285575;0.0017696
-0.0474278;0.0279258;-0.0297677
-0.000173268;-0.0550228;-0.0893067
0.0475637;-0.027781;0.0632191
0.0479638;0.0272525;-0.0880888
0.0478015;0.0274755;-0.0223638
0.00208347;-0.055026;-0.021112
-0.0465763;-0.0295604;-0.0220393
-0.0479981;0.0271412;-0.0106708
0.0477183;-0.0274869;0.0157008
-0.000764755;-0.0551665;-0.117401
0.00202501;0.0549759;-0.000844555
-0.000697905;-0.0550209;-0.0375839
-0.0488683;-0.025592;0.0346735
-0.00208391;-0.0549786;0.0122763
-0.0493618;-0.0243581;-0.0198857
-0.0477161;-0.027566;0.0994375
0.046647;-0.0293867;0.0615669
0.000296551;0.055042;-0.0033148
-0.00242564;0.0549932;0.0274413
-0.0471371;-0.02847;0.0117513
0.0480766;0.0269343;-0.0278916
-0.0470213;0.0285626;-0.0013154
0.00155458;-0.0550086;-0.0318252
-0.0475889;-0.0278283;-0.0135945
-0.0477936;-0.0273401;-0.019699
-0.000189508;0.055012;0.0724585
0.00104801;0.0551871;-0.0128983
-0.000382575;-0.0550514;-0.064632
-0.04844;0.0263524;-0.00574515
-0.00123465;0.0549993;0.0261183
-0.0485449;-0.0262406;0.0151238
-0.0476227;0.0275327;-0.0885398
-0.0475167;-0.0277113;0.125746
-0.0480243;-0.0272674;0.00647696
0.0471883;0.0285169;-0.0165631
-0.0484992;0.0259868;-0.0164436
0.0468619;-0.028793;0.00751445
0.048062;-0.0269846;0.0051062
-6.33353e-05;-0.0550662;-0.0782058
-0.0475319;-0.0277755;0.0142209
0.0484436;0.0262383;-0.0660648
0.0463984;-0.0295849;-0.015194
0.0476655;0.0276664;-0.0514053
0.00125023;0.0552572;-0.0119059
0.000624834;0.0551386;0.0585531
0.0472277;-0.0282547;0.000465876
-0.00398654;-0.0549536;-0.0335912
0.0493483;0.0245044;-0.0275861
-0.0468626;-0.0288838;-0.0272384
-0.0468301;-0.0290414;0.00973253
0.000333189;-0.0552494;-0.0189429
-0.0473872;-0.027986;0.0588364
0.0476213;-0.0278305;0.0467774
-0.00342773;-0.0550694;-0.0189222
-0.0476576;-0.0274729;0.176772
-0.0477426;0.0278025;-0.0397171
-0.000622774;-0.0550751;-0.00458858
-0.0477601;0.0274713;-0.0197615
0.0475014;-0.0281884;-0.0299526
0.0472029;-0.028558;-0.0142076
-0.0478805;-0.0274514;0.054938
0.0468769;-0.0288113;0.00463996
0.0475539;0.02771;-0.0536567
0.047564;-0.0279188;0.0822979
0.0483676;-0.02637;-0.00279764
0.000268187;-0.0550136;-0.090741
0.00290652;0.054967;0.0185777
0.0480957;-0.0268417;0.0106122
-0.0478392;-0.0274757;-0.0264634
0.0482412;-0.0267911;0.0797853
0.0475839;-0.0277218;0.0775659
0.0462881;-0.0300506;-0.0267289
-0.0484027;0.026224;-0.00561952
0.00103081;-0.0550066;-0.00371687
0.0483504;-0.0263024;-0.00191357
0.0474691;-0.0277847;0.149069
0.000306218;-0.0551113;-0.105447
0.00238531;-0.055057;-0.0502356
0.0474848;0.0278624;-0.0386352
-0.0481759;-0.0265578;0.0116734
-0.00287426;-0.0549545;0.0110522
-0.0472287;0.0284164;0.0103663
0.048235;0.0265641;-0.0117001
-0.0479323;-0.0269864;0.023465
0.000747798;-0.0550705;-0.0509831
-0.0479439;-0.0273253;0.0118644
0.0467712;-0.0289915;-0.00583768
0.0485834;0.0257842;-0.00408645
0.000164916;-0.0551693;-0.0917275
0.0473078;-0.0281334;-0.0278811
4.51801e-06;-0.0550391;-0.0513391
0.0475851;0.0279409;-0.0120915
-0.0468155;-0.0288673;-0.00860751
0.0481155;-0.0268421;-0.021789
-0.00292427;-0.0551469;-0.0368656
-0.000656349;-0.0551852;-0.027856
-0.0487673;0.0254578;-0.0580411
-0.000569025;0.0550396;0.0775688
-0.0475883;0.0279356;-0.0572609
-0.0479187;-0.0274479;0.170342
0.0476769;-0.0274403;0.0396816
0.0474154;-0.0279512;0.110128
-0.00029082;0.0550521;0.0442714
-0.0477977;0.0275852;-0.126853
-0.00175145;-0.054979;-0.0101252
0.0475404;-0.0279071;0.100028
0.04801;0.0270601;-0.0777613
-0.000432533;0.0550508;0.0254826
0.000831295;-0.0551271;-0.0035958
-0.00022527;0.0550438;0.0642883
-0.0471216;0.0288306;-0.00573795
0.047919;0.0273532;-0.141137
0.0464825;0.0295464;-0.0233736
-0.0477166;-0.0273639;0.0327918
0.0475825;-0.0276183;0.0163638
-0.000105279;0.055044;0.0895238
0.00109108;0.0550299;0.0125571
0.0493174;0.0248512;-0.00252081
0.048594;-0.0258376;0.00602842
-0.00110661;-0.0550548;-0.0483832
-0.0473826;-0.0279714;0.0166515
0.0469591;0.0288903;-0.0132393
0.0475571;0.0276375;-0.0215962
-0.0487298;0.0255831;-0.0165613
0.000413455;-0.0550562;-0.0107103
-0.00122281;-0.0549984;-0.0172714
0.00168652;0.0550475;-0.00324801
-0.0480885;0.0270333;-0.02593
0.0479263;0.0270882;-0.0604424
0.000492262;-0.0550799;-0.065018
-0.00221112;-0.0551348;-0.0169318
0.000106201;0.0550349;-0.000239569
-0.0479642;0.0271175;-0.0235819
-0.0473393;0.0280781;-0.00473801
-0.0472245;0.0282713;-0.0343399
-0.00300054;-0.0550939;-0.0389556
0.0492478;-0.0247153;0.0313912
-9.5258e-05;-0.0550725;-0.0479708
-0.0479131;0.027037;-0.0364691
0.0474615;-0.0278573;0.0129072
-0.0482482;0.0268241;-0.0062006
-0.0470834;0.028509;-0.0273275
0.000623388;-0.0550248;-0.0275416
-0.0477309;0.0275011;-0.0116295
0.0490439;-0.0251649;-0.0224047
0.00236318;0.0551096;-0.025743
0.0466516;0.0292495;-0.0525964
0.0469968;0.0286076;0.0026565
-0.0026788;-0.0551293;-0.0560133
-0.000581373;0.0551415;0.0524607
-0.0473679;0.028366;-0.0616053
0.00257211;0.0550033;0.0240086
-0.0479717;-0.0271102;0.0324608
0.00131468;0.0550191;-0.0236561
-0.0481341;-0.0271262;-0.00185151
0.0479625;0.0273864;-0.0638712
0.0472988;0.0280902;-0.0805792
-0.0474105;-0.0279991;-0.0125741
-0.0466219;0.0293252;-0.0386923
0.0474654;0.0280135;0.00827951
0.0489212;0.0251608;0.0101286
0.000578078;0.0551009;0.0203551
-0.0489401;-0.0251458;-0.0106964
0.048514;-0.0263212;0.0392674
-0.00122982;0.055037;-0.0115606
-0.0476923;0.0274229;-0.0354662
-0.0478471;-0.0274105;0.0985489
-0.0476306;-0.0275154;0.147702
0.00240327;-0.0551258;-0.0405878
-0.000159216;-0.0550277;-0.171718
-0.0475925;0.0277714;-0.0329132
0.000333961;-0.05503;-0.011721
0.00166692;0.0550025;-0.00106445
0.0472216;0.028223;-0.0222456
0.0482019;0.026774;-0.063102
-0.0477173;0.027747;-0.0984046
-0.0466147;0.0292136;-0.0411438
0.0483009;-0.026723;-0.014845
-0.00278984;0.0549558;-0.0079742
0.000326752;0.0552485;0.0669579
-0.0478801;-0.0272944;0.109802
0.0477025;0.0274425;-0.0625519
-0.0473533;0.0280693;-0.123631
0.0483067;-0.0263219;0.0169565
0.0474934;-0.0278641;0.0580836
-0.000801581;-0.0551309;-0.0484545
0.0470314;-0.0286603;0.0822693
-0.0471035;0.0286173;-0.0153703
-0.000433835;0.0550057;0.00924048
-0.0479346;0.0275096;-0.0130626
0.0483922;0.0262251;-0.0526706
-0.00128564;-0.0552085;0.0020536
0.0472092;-0.0282429;-0.0070743
-0.048218;-0.0265652;0.00525305
-0.000100396;0.0550981;0.0334129
-0.00109915;-0.0550638;0.0153021
-0.0480476;0.0269412;0.0125354
0.0481727;-0.0266639;-0.00872301
0.0489465;0.025231;-0.0206867
-0.000385224;-0.055061;-0.116506
0.0480589;-0.0270412;0.0141617
-0.0484552;0.0262624;-0.00512697
-0.0474154;-0.0279275;0.011182
-0.0485373;-0.0261929;0.0161678
-0.000187078;-0.0550958;-0.0214801
-0.0480857;-0.0267939;0.029007
0.0481379;-0.0268749;0.0627062
0.0478081;0.0274087;-0.0632081
-0.000148266;-0.0550314;-0.00900561
0.0476278;0.0275397;-0.076029
-0.000282486;-0.0550648;-0.0974604
-0.0477615;0.0274695;-0.0331993
-0.0478829;-0.0273927;0.113031
0.0485992;0.0259045;-0.0336113
-0.046577;0.0296882;-0.00862321
-0.0467956;-0.0289965;0.00526549
0.00108855;0.0550298;0.0267461
0.0480169;-0.0268387;0.0373975
0.000754599;0.0550032;0.153235
-0.0474125;0.0279012;-0.0166971
-0.000120712;-0.0550571;-0.0789944
0.0484288;0.0261782;-0.00930011
-0.0484395;-0.0262981;-0.0138861
0.000353729;-0.0550828;-0.0591148
-0.0476767;0.0278874;-0.124238
0.04841;-0.0262847;0.0570486
0.0473274;0.0281377;-0.109731
-0.048259;-0.02651;0.0725393
-0.0489082;0.0252539;-0.0310479
0.04765;-0.0274738;0.0886578
-0.00134937;-0.0549953;-0.0177665
0.0475329;0.0281045;-0.0789744
0.0481741;0.027015;0.00873817
0.00151644;0.0550918;0.0351363
-0.000935904;-0.0551821;-0.031579
-0.00183128;0.0551255;0.0168798
-0.047524;0.027828;-0.0988108
0.000331863;-0.0550862;0.00401607
0.0474205;-0.0282525;-0.0140249
0.047562;0.0281705;-0.0398717
-0.0480327;-0.0270578;-0.00123809
0.00110478;0.0551435;-0.0251637
-0.0465664;0.0295155;-0.0368503
-7.86031e-05;-0.0550073;-0.105895
2.45228e-05;-0.055125;-0.0466777
0.0481406;0.026644;-0.0375044
-0.0473626;0.0284544;-0.0355157
-0.048047;0.0269494;-0.00956614
0.000138525;0.0550895;0.0329606
0.0476948;-0.027618;0.0321876
0.047699;0.0275978;-0.139018
0.0476264;-0.0277306;0.175695
-0.00227576;0.0549722;-0.0292302
0.000112345;-0.0552151;-0.045512
-0.0482901;-0.0264538;-0.00669776
-0.0478647;0.0272666;-0.0378731
-0.0482731;-0.0267867;-0.00919754
0.0481461;0.0271271;-0.0307037
-0.0481379;-0.0266896;0.0395385
0.0488766;0.0256094;0.0113734
-0.04777;-0.027444;-0.0115473
0.000598226;0.0551177;0.0113656
-0.0492321;-0.0246195;-0.0149023
0.0476843;-0.0276363;0.0124543
-0.0473926;0.0282219;0.00361791
0.000947962;0.0550004;0.0208687
0.000397867;0.055013;0.0835856
0.000316051;-0.0550689;-0.0502078
0.0475936;0.0278158;-0.107296
-0.0471107;0.0284941;-0.013999
-0.0464645;0.029466;-0.0157282
0.0466861;-0.0291137;0.0188691
-0.0480983;0.0266905;-0.0147314
-0.000184514;0.055169;0.0770371
0.0479998;0.0269376;-0.0300832
0.0473599;-0.0282139;0.0384203
0.00030733;0.0550953;-0.00792947
-0.0479488;-0.0269747;0.0119822
0.0472935;-0.0281222;0.0588946
0.0468079;-0.02888;0.0146537
0.0474717;-0.0283191;0.110978
0.0482421;0.026613;-0.0443968
2.99511e-05;0.0550094;0.102144
1.98827e-05;0.0552081;0.140391
-0.000511933;0.0551619;0.0403111
0.0478802;0.0271025;-0.0450052
-0.000971178;0.0552017;0.0231793
-0.0489251;0.025189;0.0116335
0.0487034;0.0258282;-0.00744438
0.0472547;0.0284061;-0.00443301
-0.000258338;-0.055115;-0.0514822
0.0481596;0.0269676;-0.0234744
0.047843;0.0274837;-0.179483
0.0457599;-0.0308131;-0.0173447
0.0476354;-0.027813;0.0862175
0.000350673;0.0550513;-0.00379415
-0.0024458;-0.0550048;-0.00228892
-0.00110939;-0.0551065;-0.0321429
-0.0474202;-0.027951;-0.00376097
0.0476335;0.0279768;-0.0453528
-0.000337637;-0.0551805;-0.00394456
0.0471268;-0.0284575;0.0578446
0.0476508;-0.0279672;0.0636293
0.0476395;-0.0275692;0.0404905
-0.048461;-0.0261754;0.00522353
-0.000877943;0.0550084;0.0418478
0.0012766;-0.0551507;-0.0717071
0.0479629;-0.0272198;0.031143
-0.04793;-0.0271274;0.0122551
0.0481014;0.026994;0.00242837
0.0479897;0.0273118;-0.0338483
0.0473107;0.0280738;-0.0473421
-0.0478667;-0.0275463;0.075889
-0.0467123;-0.0292316;0.00274345
0.048217;-0.0265457;-0.000730855
-0.047242;-0.0281725;0.0267891
0.000986445;0.0550966;-0.0122959
0.0478606;0.027184;-0.00352111
-0.0481776;-0.0269591;0.0314489
0.0482739;-0.026486;0.0768314
-0.000196928;-0.055136;-0.196828
-0.00107135;-0.0549963;-0.0920042
-6.05926e-05;-0.0551632;-0.123563
0.0474156;0.0280763;-0.0452452
-0.0478829;0.0270675;-0.0283721
0.0480873;0.0271656;-0.0148422
0.048313;0.0264511;0.000729424
-0.0478201;-0.0274495;0.00905499
0.0474602;0.0278249;-0.0611503
0.047985;-0.0273425;-0.018579
-0.0478847;0.0270684;-0.137375
0.00303515;0.0550062;-0.0103859
0.00030196;-0.0550872;-0.0273773
-0.0477681;0.0276375;-0.0332882
-0.00204086;-0.055152;-0.0358715
0.0478668;0.0271865;-0.102037
-0.00103471;0.0550269;-0.0321663
0.0479997;-0.027165;0.0273519
-0.000379201;0.0550048;0.0189329
0.0481103;0.027109;-0.0715245
0.0478843;0.0271254;-0.0938969
-0.0477527;-0.0273664;0.143258
-0.0478144;-0.0275948;-0.00723658
-0.048099;0.027105;-0.0113857
0.000524972;0.0551347;-0.0112016
-0.00130091;-0.0549985;-0.035166
0.000756992;-0.0550879;-0.0244475
-0.000638168;-0.0551628;-0.01565
-0.0475859;-0.0276752;0.0876717
0.0473663;-0.0280504;0.0181189
-0.0480349;0.0269115;-0.030541
0.0473584;0.0283227;-0.0913463
0.0482714;0.0266014;-0.0454768
0.0483201;0.0263786;-0.00064895
-0.000526055;0.055144;0.0258812
0.0489391;0.0254511;0.0058706
0.00174646;0.0551086;-0.0330409
-0.0483994;-0.0264566;-0.0208417
0.0477701;0.0274029;-0.0744452
0.0485841;-0.0257898;-0.0105072
0.000672012;0.0550375;0.00549626
0.00128616;-0.0551134;0.00127352
0.0470228;-0.0285348;0.00703176
-0.0476387;-0.0275015;0.121337
0.000687735;0.0551837;0.0824438
0.0480992;0.026849;-0.0964782
0.0472881;-0.0281557;0.0211502
-0.0485874;0.0260541;-0.00572076
0.0479017;0.0271372;-0.0314409
0.0476691;-0.0275772;0.0302532
-0.0479915;-0.0269217;0.0125222
-0.0474408;0.0281025;-0.17581
0.0479258;0.0270789;-0.102716
0.00277837;0.0549513;0.0315371
-0.0488658;-0.0253488;-0.00907863
0.0478814;0.0271729;-0.147893
0.00075943;0.055262;0.036637
0.047535;-0.0277364;0.165221
-0.0011436;-0.054992;-0.0735728
-0.0476718;-0.0275206;-0.00780087
0.00227919;0.0550225;-0.0188795
0.047171;0.028626;-0.00844994
0.00057954;0.0551984;0.0252031
-0.000348818;-0.0551784;-0.0409019
0.00319608;0.0550398;0.0108139
0.0475995;0.0276926;0.00102779
-0.0014092;0.0549854;-0.0184954
0.0470761;-0.0286789;-0.0112042
0.0477046;0.0277025;-0.000759743
0.0486032;0.0261219;-0.0634236
6.28405e-05;-0.0550313;-0.0316103
0.00322028;-0.0549142;-0.0175192
0.0489618;-0.0251598;0.0133002
0.0476066;-0.0276273;0.0545015
-0.000337661;0.0550325;0.00747388
-0.0477812;-0.0274068;-0.0256099
0.0482698;0.0263914;-0.0960335
0.0471547;0.0286547;0.0112225
0.000660029;0.0550216;0.0172536
0.00047137;-0.0551192;-0.00742785
-0.0475237;0.0278248;-0.136089
4.47281e-05;0.0551545;0.055608
0.0481056;0.0270373;-0.00220694
-0.047569;-0.0276323;0.0117607
-0.047356;-0.0281877;0.0368072
0.000423717;0.0550057;0.0672455
-0.047558;0.0278864;-0.0344547
-7.5783e-05;0.0551099;0.0116198
-0.0476624;-0.0276774;0.0171337
-0.00421631;-0.0548451;-0.032447
0.0480067;0.0270621;-0.00436468
-0.0483852;0.026315;-0.0501805
-0.0481215;-0.027119;0.0636081
-0.0486182;0.0257783;-0.0110744
-0.0472152;0.0284821;-0.0729402
-0.0461508;0.030007;0.00574016
-0.000111673;-0.0551098;-0.0191497
-0.0491926;0.0250043;-0.0393773
0.0482079;0.0266577;-0.07758
-0.0476615;-0.0276036;0.0601956
0.00015419;0.0551526;0.00357562
-0.000471365;-0.055028;-0.025403
-8.94545e-05;0.0550522;0.0799439
0.0477396;0.0274653;-0.0386367
-0.00269548;-0.0550543;-0.0633299
-0.0472365;0.0286081;0.0126587
0.00107216;-0.0549976;-0.0146408
0.0480065;-0.0271089;0.00893296
-0.000172788;-0.0550363;-0.0884643
0.0459162;-0.030341;0.0263585
-0.0481085;-0.0268994;0.0432478
-0.0476997;0.0274586;-0.0112611
0.000121758;0.0551087;0.0992764
0.0476886;0.0275568;-0.198143
-0.0487337;-0.0255313;-0.00715851
-0.0015001;-0.0550832;0.0120256
0.00196717;0.0551699;0.0158993
0.00115755;0.0552166;-0.0259371
-0.000480709;-0.0550911;-0.00970041
-0.000217855;-0.0550925;-0.146982
-0.0479984;-0.0269316;-0.0139918
0.0473555;0.0282854;-0.0214168
-0.000225093;-0.0550736;-0.0287045
-4.36845e-05;0.0550496;0.0334459
0.000419134;0.0551164;0.0393119
-0.0477408;0.0278408;-0.100637
-0.0469307;-0.0287662;-0.0205487
0.0469802;0.0287122;-0.0036836
-0.0478206;0.0272513;-0.0416192
-0.000280077;0.0550705;-0.00819048
0.0468363;-0.0290648;-0.0294415
-0.0476807;0.0277081;-0.0449753
0.0476943;-0.0274779;0.163267
-0.0482396;-0.0265997;0.000503816
-0.0485427;0.0259837;-0.063659
-0.0488198;-0.0254065;0.0409586
0.0480566;-0.0269642;-0.000145264
-0.0477419;-0.0274923;0.0707977
0.0017049;0.0550256;0.0646045
-0.000217683;-0.0551212;-0.18709
2.9081e-05;-0.0550445;-0.0586366
0.00025701;-0.055114;-0.0779538
-0.00150702;0.0551539;0.0360017
0.0481935;0.0267797;-0.0638122
0.0480814;0.0271229;0.00049851
-0.0483166;0.0263754;-0.00375725
-0.00231562;0.0551411;0.0153072
-0.0488785;-0.0252715;0.00295177
-0.0470588;-0.028749;-0.00485486
0.000179807;0.0551143;0.0382136
-0.00123446;-0.0550397;0.0092097
0.0488139;0.0256803;-0.0776045
-0.0470643;-0.0287212;-0.00138717
0.0478536;-0.0273647;0.105336
-0.0475312;0.0278464;-0.00138138
-0.047862;-0.0271677;0.0296904
-0.00161756;0.0549939;0.00125877
0.000233349;-0.0552646;0.00955561
-0.0467587;-0.029062;0.0168144
-0.000809828;-0.055061;-0.089752
-0.0479548;0.0271559;-0.0358941
-0.0480397;-0.0271861;0.0503841
0.000244431;-0.0551069;-0.0184039
0.0470826;-0.0287809;0.03864
0.0473863;0.0280217;0.00983349
0.0483257;-0.0265256;-0.0200089
-1.34228e-05;-0.0550014;-0.0970777
-0.00311256;-0.0549813;-0.0194622
-0.000684141;0.0550656;-0.00372324
0.0477319;-0.0274196;0.0448209
-0.00123123;-0.0550045;-0.00363511
0.0474933;0.0281728;-0.0129671
0.00285424;0.0550271;0.0499068
0.0478089;0.0272235;0.0012252
0.0477806;0.0273021;-0.0820833
-0.0474545;-0.0282099;0.0636392
0.0477319;-0.0276993;0.0225989
-0.0475238;0.0276861;-0.0728644
0.00024733;-0.0552183;-0.0641598
0.0471726;-0.0283631;0.0211907
-0.0487618;-0.0257814;-0.008196
-0.0481927;0.0265199;-0.0136962
-0.048051;-0.0268802;0.0575268
-0.0487962;0.0257061;-0.037963
-0.0478381;-0.027625;-0.00292032
0.047473;0.0279607;-0.0109657
0.0481059;0.0267087;-0.0409627
0.0474552;-0.0278676;0.0428463
-0.0483898;-0.0265336;-0.0154383
-0.0467129;-0.0290728;0.0677796
-4.65465e-05;-0.0550838;-0.110014
0.0482445;-0.0266877;-0.00687067
-0.0484073;0.0262598;-0.00685801
-0.0481798;-0.0266411;-0.0145566
-0.0481359;0.0270121;-0.059806
-0.0480809;-0.0268257;-0.0103726
-0.000305272;-0.055039;-0.157739
-0.0478346;0.0273501;-0.0597793
-0.0477379;0.0275267;-0.0238232
0.0478768;-0.0272696;0.0203558
0.000313753;0.055029;0.0578154
-0.0018395;0.0550384;0.0602301
-0.048542;-0.0258722;0.0166813
0.00107747;0.055064;0.0147618
0.0482311;-0.0266324;-0.0199661
-0.000387171;-0.0551303;-0.0534594
-0.0488541;0.0253151;0.00688714
0.000253937;0.0550539;0.00179085
0.0489417;0.0251715;-0.0478561
-0.0477056;0.0274468;-0.00735584
-0.000360274;-0.055055;-0.0450862
0.00253221;0.0551984;-0.025573
-0.0476496;0.0275362;-0.0957112
-0.000190599;-0.0550654;-0.0948334
-0.0478636;-0.0274166;0.0444689
0.0479127;0.0270884;0.00560341
0.0482027;0.0268426;-0.0252693
-0.000944842;-0.0551132;-0.0396659
-0.047859;0.027427;-0.119978
0.00395819;0.0549669;-0.00692758
0.0481109;0.026702;-0.00459204
-9.55735e-06;-0.0550116;-0.174438
-0.0476955;0.0277261;-0.129374
0.0475953;0.0276324;-0.0252667
7.63331e-05;0.0552486;0.0831743
0.047641;-0.0276335;0.148985
0.0462131;0.0299242;-0.0285064
-0.000489428;-0.0551039;-0.0231086
-0.00170837;0.0551771;0.0208069
0.0491986;0.024819;-0.045157
0.0473829;-0.0279982;0.0127551
8.52878e-05;-0.0551907;-0.0460723
-0.000286367;-0.0550409;-0.01231
0.0477645;-0.0273971;-0.00278952
7.38209e-05;0.0551307;0.126517
-0.0477271;-0.0276291;0.0220878
-0.0483598;0.0262121;-0.0771079
6.14723e-05;-0.0550247;-0.0562201
0.000131754;0.0551402;0.037166
0.0477191;0.0274153;-0.0146557
-7.05562e-05;-0.0550587;-0.0538757
-0.000750042;-0.0549996;-0.0628909
-0.0478071;-0.027233;-0.000771342
0.0460646;-0.0301264;0.0247608
0.0483239;0.0263896;0.00689328
0.000822728;-0.0550312;0.0118231
-0.00093549;0.0551407;-0.0251852
0.000229262;0.0552571;0.0496434
0.0480538;-0.0268877;0.0637833
0.0479944;0.0269355;-0.010311
0.0480514;-0.0267618;0.0144992
-0.0467629;0.0292181;-0.0237369
-0.0011085;0.0550278;0.0404994
0.0483344;-0.0266031;-0.00812421
-0.0477658;-0.0273268;0.0683349
-0.00061838;-0.0550446;-0.00580083
0.0474732;-0.027853;0.0758763
0.0480748;0.0267299;-0.0550647
0.0481133;0.0267965;-0.0460057
-0.0476946;0.0275299;-0.0782304
0.0481886;0.0268475;-0.0289234
-0.0483747;-0.0263395;-0.0013333
-0.000541499;-0.0550015;-0.052755
-0.000245166;-0.055058;-0.0387254
-0.000533308;-0.0552137;-0.0166321
-0.0477255;0.0276568;-0.010668
-0.00079336;-0.0550028;-0.0986269
0.0474075;-0.028326;-0.0281573
0.0473962;-0.0281195;0.0675384
-0.0472936;0.0283771;-0.0559364
0.0486667;0.0257993;-0.00726168
-0.0477173;0.027415;-0.0542924
-0.0475619;0.0276555;-0.146928
-0.0478404;-0.0274787;0.0154435
1.06988e-05;-0.0550439;0.000411784
0.0470902;-0.0287313;0.017761
-0.0486827;0.0256304;-0.0695605
0.0474533;-0.0280733;-0.00233047
0.0477458;0.027534;-0.0795774
0.0476252;-0.0275241;0.182767
0.0474737;-0.0278896;0.106687
-0.0467204;-0.0291404;0.0111937
-0.0476076;0.0277637;-0.00890617
-0.0476664;-0.0276742;0.000846694
0.0481509;0.0266667;-0.0708576
-0.0478344;-0.0275409;0.0958976
-0.000123803;-0.0551684;-0.185579
-0.00046422;0.0550343;-0.00660312
0.04778;0.027524;-0.118884
-0.000739411;-0.0552762;-0.0669876
-0.0025539;-0.0550423;-0.00262734
0.0475579;-0.0281197;0.0304156
7.47112e-05;-0.0550791;-0.0716174
0.000209647;-0.0551371;-0.046783
0.00055282;0.0552186;-0.0295302
0.0483474;0.0265881;-0.0467654
-0.000444638;-0.0552635;-0.0321046
0.000323461;0.0550804;-0.00935744
0.0473388;-0.0281093;-0.0266116
-0.0478493;0.0273127;-0.0346646
-0.0482619;-0.0267684;-0.009218
0.000367737;0.0551031;0.0312801
0.0469237;-0.0289084;-0.0114402
0.000627281;0.0552051;-0.0122712
0.046625;-0.0293581;-0.00478949
0.0482112;0.0265836;-0.0401571
0.0476183;-0.0278891;0.0111631
-0.0465282;0.0295196;0.00341793
0.000285988;-0.0551622;-0.0826201
-0.0470682;0.0285666;-0.0351331
-0.000684886;0.0550289;0.0250419
-0.0481065;-0.0270006;0.0581363
0.00409028;0.0548524;-0.0147967
-0.0483646;0.026505;-0.00191378
-0.0014281;-0.0550528;-0.0429737
0.0475916;-0.0276892;0.0980362
-0.00240173;-0.0549903;-0.060802
0.000583816;0.0550997;-0.0191132
0.00121568;0.0551261;0.0477939
0.0484204;-0.0261131;-0.00375848
0.000176116;0.0551543;0.0819623
-0.000212324;-0.0551412;-0.0188594
0.000379367;0.0551862;0.0422953
0.000563963;0.0550735;0.0106117
-0.047533;-0.0281243;-0.0106909
-0.00040998;-0.0550274;-0.0623744
-0.0479252;0.0272868;-0.0498535
0.00069738;0.0552798;0.0433613
-0.0491107;-0.0248378;0.0271208
0.047502;-0.0279326;0.0219105
0.0481542;0.0266609;-0.040843
0.0479026;-0.0271681;0.035082
-3.5337e-05;-0.0551644;-0.0303661
0.0492056;0.024728;-0.0106494
-0.047973;0.0272551;-0.0050513
0.000460435;-0.055213;-0.0178489
-0.0481318;0.0269255;-0.0439857
-0.00110351;-0.05508;-0.0817576
0.0477306;0.0275246;-0.00237605
-0.000404643;-0.0550607;-0.0125793
0.0461343;-0.0304239;-0.0225451
-0.00203794;0.0551559;0.0174991
-0.0478171;-0.0272142;0.0593357
0.0474773;0.0278917;-0.0276099
0.0489518;-0.0252625;-0.0176729
0.000273842;0.0550931;0.0321172
-0.000926389;0.0552438;0.0197483
0.0491523;0.0249277;-0.0458838
0.000695258;0.0551869;0.0989417
-0.0474928;0.0279011;-0.0434024
-0.0476616;-0.0274643;0.0409561
0.0472351;-0.0282464;0.0112855
-0.000671989;-0.0551775;-0.0247305
-0.0472991;0.0281474;-0.10168
0.000269166;0.0551681;0.0994644
0.0479264;0.0272686;-0.0879648
0.0476959;0.0276323;-0.0312796
2.50367e-05;-0.0551785;-0.0926533
-0.048926;-0.0253113;0.00358556
0.0483972;0.026188;-0.024121
-0.00160513;-0.0550314;-0.0126554
0.0471975;-0.0285789;0.0592719
0.000371273;-0.0550104;-0.0727212
0.0487821;0.0254673;-0.0529803
0.047806;0.0274372;-0.0537351
-0.000813375;0.055213;0.0935236
0.000585246;-0.0552621;-0.069142
0.00235701;0.0549921;-0.0121629
0.0478206;0.0273736;-0.0149954
-0.000727613;0.055101;-0.0193016
-0.0475616;-0.0279619;0.0940927
-8.98682e-05;-0.0550806;-0.0972599
-0.0476258;-0.0277374;-0.00910882
0.0461943;-0.0298567;-0.0111619
-0.00142182;0.0550202;0.0216877
0.0475299;0.0277085;-0.0587661
-0.0470978;0.0284257;-0.0852469
-0.000286915;-0.055083;-0.17426
-0.0457092;0.030788;-0.0269307
0.0489324;-0.0251755;-0.0288326
-0.0479099;0.0271561;0.00285461
-0.0459637;-0.0304565;-0.032802
-0.0466332;-0.0293863;-0.003016
-7.66865e-05;-0.0550945;-0.0820923
0.0464253;-0.0295432;0.0241719
0.045171;-0.0313916;-0.0233903
0.0457276;0.0305927;-0.0376822
-6.5716e-05;-0.0550161;-0.00759196
-0.0477832;-0.0272986;0.12494
-0.0483696;-0.0261964;-0.0216501
-0.04925;0.0246482;0.0100441
0.0478747;0.0274456;-0.0544007
-0.0478453;-0.0273189;0.0526518
-0.0470895;-0.0286616;-0.0022352
0.0466986;-0.0291088;0.00448188
-0.0030319;-0.0549868;-0.0138126
-0.0486614;-0.0257088;-0.0132792
-3.06671e-05;0.0551089;0.0332753
-0.000609886;-0.0551518;-0.00326329
0.047257;-0.0281471;0.0323268
-0.0467946;0.0290765;-0.0345635
0.0475828;0.0276462;-0.019138
0.0478342;-0.0271799;-0.0301343
-0.000201099;-0.0551807;-0.173954
0.0473384;-0.0283502;-0.0291813
-0.0476926;-0.0275729;0.164985
0.0472583;-0.0282323;0.0407515
-0.0477944;-0.0272763;0.0636
-0.00245833;-0.0549474;-0.0187314
-0.0475546;-0.0276752;0.0891635
-0.0482144;-0.0264651;0.0805224
-0.0485979;-0.0257947;0.0082618
-0.0472296;0.0285649;-0.0138599
0.0469917;0.0289477;-0.0123724
-0.0476421;0.0277184;-0.00709411
-0.00446153;-0.0548365;-0.0150358
9.93189e-05;-0.0551113;-0.03349
-0.00120164;0.0551913;-0.0324127
-0.00247136;0.0550143;0.00183826
0.000498415;0.0550037;0.0134439
0.0470642;-0.0287864;-0.0105896
-0.0474293;0.0279555;-0.0369545
-0.000266722;-0.0552775;-0.0506377
0.0473904;-0.0281739;-0.0287834
-0.000140909;-0.0551862;-0.0177067
0.0475095;0.0277916;-0.069451
-0.0482351;-0.0264743;-0.00119927
-0.000965451;0.0551806;0.0351316
0.000555057;0.0549998;0.0128687
-0.0479774;-0.0272545;0.0234582
0.0484833;-0.026298;0.0159638
-0.00213036;-0.0550935;-0.0271686
0.0477458;-0.0273491;0.0216853
0.000605134;0.0552346;0.100254
-0.00165418;-0.055093;-0.00799424
0.0490058;0.0253359;-0.0491593
-0.0472756;-0.0282069;0.00353423
-0.00222772;0.0549751;-0.00213608
0.0464692;-0.0294224;-0.0191076
-0.0477638;0.0273231;-0.0621357
0.0476275;-0.0275957;0.0587653
-0.0463357;0.0299279;-0.00369929
0.047731;0.0277794;-0.014784
-0.0482514;0.026438;-0.0241384
0.0469163;-0.0287083;-0.0156067
0.00206916;-0.0549846;0.00936005
0.0473207;-0.0282312;-0.0182404
-0.0474637;0.0278402;-0.0712566
-7.36462e-05;0.0550059;0.0370929
-0.0472042;0.0284774;-0.0143981
-0.0478509;-0.0272412;0.00675586
-0.047823;-0.0273185;-0.00804184
-0.0475666;-0.0276539;0.0557858
0.000263481;0.0551125;0.0543333
-0.00340083;0.0550484;0.0150293
-0.000451018;-0.0551106;-0.044399
0.0485407;-0.0262096;-0.0356456
-0.00107195;0.0551651;0.0542945
0.0475931;-0.0275691;0.0551295
0.0473347;0.0282643;-0.0271018
0.0481866;-0.0266197;0.0700485
-0.00106241;0.0550874;-0.0228386
-0.000357141;-0.0550228;-0.0714714
0.0469602;-0.0288985;0.0118461
-0.0477146;0.0274604;-0.104914
0.000107543;0.0550068;0.0575772
-0.046612;0.0293956;-0.0216116
0.04763;0.027792;-0.14467
0.0465961;0.0293354;0.00963948
-0.00118564;0.0550279;0.0607645
-0.00253341;0.0549456;-0.0159329
-0.0481877;0.0269613;0.0108044
0.0476705;0.0277953;-0.0182784
0.0480739;-0.0270665;0.00068059
0.0476682;-0.0275636;0.100294
-0.0467205;-0.0292536;-0.0167084
0.0483492;0.0265122;-0.027799
0.0471748;0.0283445;-0.0908478
0.00191903;-0.0549832;-0.00240525
-0.0477335;-0.0274042;0.096781
-0.000366083;-0.0551092;-0.0822833
0.00071389;0.0550998;0.0726113
0.0487125;0.0258588;-0.0425792
-0.000217817;-0.0551996;0.010943
-0.0477744;0.0275078;-0.00989949
0.0478921;0.0272714;-0.0109394
0.0476028;-0.0276437;0.0749413
0.0492101;0.0247036;0.0113107
0.0478436;-0.0276522;0.111704
-0.0474688;0.0278736;-0.0650385
0.047167;-0.0283924;0.0177048
-0.047629;-0.0277487;0.03169
0.0477338;0.0275155;-0.103196
0.0471742;-0.0286008;-0.021519
-0.000856085;0.0552135;0.0516759
4.02474e-05;-0.0551845;-0.104886
-0.00174641;-0.0549976;-0.0485276
-0.000647303;0.055077;-0.0034196
-0.0477897;-0.0272864;0.0485809
0.0471654;-0.0284655;-0.013103
0.00341996;0.0549692;0.0064986
-0.00111894;-0.0550474;-0.0371238
-0.0484029;-0.0262601;-0.01153
-0.0024327;0.0549674;0.0139768
0.0474545;0.0279718;-0.00361621
-0.0465439;0.0293094;-0.0195474
0.046516;0.0294716;-0.0619971
0.00163542;0.0551304;0.0377015
0.000832641;-0.0550292;0.00386819
-0.000966754;0.055057;0.0319313
0.0474741;0.0280582;0.000911373
-0.000220299;0.0550875;-0.0235683
-0.00162306;-0.0550191;-0.0251317
0.0480294;0.0269135;-0.0434667
0.047411;-0.028279;-0.012409
-0.0484877;0.0261785;-0.00212138
-0.0476161;-0.0275876;-0.0229709
-0.0486534;-0.0260037;0.0143016
0.0474256;-0.0279781;0.0797474
-0.048077;-0.0272338;0.0235479
0.0480178;-0.0269121;0.0180889
-0.0472673;-0.0282993;0.0265276
0.0462954;0.0300808;-0.0344581
0.00280835;-0.0550245;-0.0218508
0.00199092;0.0550845;0.00268759
0.0467684;0.0291048;-0.0273062
-0.00165416;0.0550375;0.0219718
0.000486316;0.055055;0.00362726
-0.0477483;0.0274362;-0.0679471
-0.0474747;0.0279675;0.00189396
-0.0487941;0.0259741;-0.0533413
-0.00192188;0.0549882;-0.029127
-0.047717;0.0276174;-0.165793
-0.046657;0.0292411;-0.00508971
-0.0478774;-0.0271608;0.046158
-0.0471293;-0.0286098;-0.00938823
0.000153263;0.0552097;0.0248778
0.047563;-0.0277201;0.0171899
0.0478791;0.02739;-0.0280689
0.0484111;-0.0265845;0.0507705
-0.048289;-0.0268176;0.0192187
-0.0476322;0.0277521;-0.0181882
0.000179527;0.0550336;0.0975852
0.00105871;-0.0550489;-0.0252488
0.0475292;0.027758;-7.00198e-05
0.0475006;-0.0279014;0.000784494
-0.000497459;0.0550338;0.0201854
-0.00165329;-0.0550556;-0.0378077
-5.76728e-06;-0.0550085;-0.0900511
-0.000542249;-0.055;-0.141296
-0.0474594;0.0281207;-0.0751372
0.0476968;-0.0277183;0.0193023
0.0478308;-0.0276005;0.0883728
-0.0487365;-0.0255438;-0.000709108
0.0486158;-0.0259627;-0.0143335
-0.0483091;-0.0264416;-0.0267719
0.047353;-0.0281334;0.0474325
-0.0476358;0.0275076;-0.126998
0.0483831;-0.0264258;-0.0149938
0.0479419;-0.0274066;0.122869
-0.0478174;0.0273874;-0.0301439
0.0483096;0.026748;-0.0376675
-0.0475757;0.027712;-0.0424012
0.0482926;-0.0264491;-0.0197247
-7.67876e-06;-0.0552214;-0.103535
-0.0475367;-0.0276765;0.0299631
-0.0478017;-0.0276536;0.0629421
0.0477243;0.0273435;-0.022837
0.0475229;-0.0276916;0.00125862
0.0469008;0.0288758;-0.0287441
0.0475586;-0.027772;0.143051
-0.0472171;-0.0283747;0.0581397
-0.0477606;-0.0275574;0.0333844
-0.000148904;0.0550559;0.113006
-0.0476514;-0.0279154;-0.0142731
-0.0478016;0.0273703;-0.0646501
0.0476446;0.027569;-0.0459732
-0.000254465;-0.0551787;0.0152645
-0.0457887;0.0304697;-0.0128619
0.0478514;0.0273619;-0.136963
8.27548e-05;0.0550857;0.05996
0.0481643;0.0266706;-0.00756451
0.047987;0.0270938;-0.0157815
-0.0477225;0.0275038;-0.00416947
0.0473177;-0.0283659;0.0227683
-0.0476171;0.0275709;-0.137004
-0.0479947;0.026962;-0.0274708
-0.0479195;0.0274251;-0.0767492
-0.0475069;0.027816;-0.0080545
0.0472028;0.028395;0.00216173
0.0482426;0.026741;-0.122239
-0.0482067;-0.0264915;0.0207697
-4.30799e-05;-0.0550807;-0.126393
0.000533775;0.0551145;-0.00414724
0.0482037;0.0268346;-0.0499111
0.0479368;-0.0274099;0.0827097
0.0477325;-0.0277811;0.0688633
-0.0019135;0.0549895;0.0284908
0.000419483;-0.0551682;-0.0375968
-3.19157e-06;0.0550889;0.0823629
-0.0471466;-0.0285208;-0.0130251
-0.04778;0.0274302;-0.0448001
-0.0478241;0.0273104;-0.0933388
-0.0464451;0.0295107;-0.0190807
-9.73664e-05;0.0550332;0.0635929
0.0480303;-0.0268659;0.0765092
0.0478395;0.0272976;-0.0491957
0.0477593;0.0275108;-0.0676261
0.0477832;-0.0272448;-0.013928
-0.00100912;-0.0550031;-0.0257571
0.000147204;-0.0550763;-0.0435008
-0.000213943;0.055082;0.0280106
-0.00244966;-0.0551649;-0.0675602
-0.000161166;0.0550177;0.0116502
-0.000468954;0.055013;0.0198011
-0.00213138;0.0551016;-0.0161904
-0.000142516;-0.0551287;-0.173002
-0.0472299;-0.0283794;-0.00517769
-0.0477958;-0.0273881;0.117043
-0.0483317;-0.0265751;-0.0156365
-0.0480051;-0.0268582;0.0231832
0.0488494;0.0258517;-0.0234429
0.00220709;-0.0550923;0.0137197
-0.0476039;-0.0277041;0.0806792
-0.000673742;0.0550353;0.0142858
0.0475826;-0.0277024;0.0814011
-0.000430435;-0.0550043;-0.0752588
-0.04791;-0.0271939;-0.0242385
-0.0469218;0.0290973;-0.0601483
-0.0472528;0.0284596;-0.0358578
-0.000308768;0.0550675;0.0646152
-0.047626;0.0275234;-0.0716401
-0.0470666;-0.0288081;0.00389304
-0.000487605;-0.0551017;-0.0341471
-0.00191893;-0.0549927;-0.0124229
-0.000477523;-0.0550522;-0.0367575
-0.0475686;-0.0276169;-0.022231
0.000112699;0.0550988;0.0157852
-0.0477971;0.0272702;0.00166818
0.0475878;0.0278715;-0.0449439
-0.0486815;0.0257502;0.00245487
0.0476619;-0.0276039;0.0305127
0.0476494;0.0274994;0.0101299
0.047809;-0.0272757;0.0284469
0.0482274;-0.0264666;0.0422579
0.0474826;-0.0279918;0.0259359
0.0494484;0.0242666;0.0016157
-0.0483836;-0.0263152;0.0439494
-0.00226278;0.0549633;-0.0246898
-0.0462127;-0.0300877;-0.0143116
-0.0475477;-0.0278454;0.033616
-0.00271406;-0.0549604;-0.021813
0.00088062;0.0551094;-0.0100086
3.94514e-05;0.05518;0.0572689
-0.045741;0.0306058;6.33159e-05
0.0483655;0.026656;-0.111167
-0.0476314;0.0277305;-0.027167
-0.000162526;0.0550662;0.0372501
-6.76996e-05;-0.0551079;-0.154248
0.0469675;-0.0288201;0.0161397
-0.00411962;-0.0549965;-0.0233735
0.048299;-0.0267777;0.0267436
0.000374691;0.0551506;0.0205008
-0.000373218;0.0550974;-0.00269942
-0.0472114;0.0283537;-0.00450006
-0.0468196;-0.0291001;-0.00100759
0.000612555;0.0550456;0.0429366
-0.0482603;-0.0264443;0.0113078
-0.0487257;0.0255487;-0.0751198
0.00012818;-0.0550666;0.00232629
-0.0477676;-0.0275781;0.0805072
0.0475164;-0.0277429;0.0554837
0.000261827;0.0552254;-0.0312534
0.000251785;-0.0550201;-0.146152
0.000552369;0.0550387;0.047984
0.047969;0.0272032;0.0139753
0.00168729;0.0551201;0.026775
-0.0476962;-0.0276318;0.0449471
-0.0476928;0.0277064;-0.0342683
0.0471399;0.0283757;0.00741993
-0.047879;0.0270934;-0.028622
0.0479634;-0.0270424;0.00253311
-0.0481387;-0.0269177;-0.0287084
0.0477477;-0.0273581;-0.0236115
-0.0483585;-0.0262893;0.032623
0.0479204;0.0274564;-0.00610741
-0.0481915;0.0267824;-0.0285086
0.000295832;0.0550013;0.116372
0.000615174;-0.0550843;-0.0607909
-0.0480592;-0.0268533;0.0197603
0.047395;0.0280089;-0.0422987
0.0481832;-0.0266221;-0.0120649
0.0478504;0.0274048;-0.0468715
-0.047067;0.0284584;-0.053481
0.0476375;-0.0276722;-0.0207002
-0.0480893;-0.0269938;0.0303597
-0.00209686;-0.054997;-0.00781702
-0.00165057;0.05515;-0.0272811
-0.0464463;-0.0296692;-0.0229094
0.0487915;0.0258485;-0.00542039
-0.046709;-0.0290691;-0.0175171
0.0470856;-0.0286316;-0.0129486
0.0476947;0.0278027;0.012184
-0.0468253;0.0289802;-0.0271628
-0.000658341;0.0551705;0.00369956
-0.0465175;0.0297216;-0.0720354
-0.00110287;0.0549981;0.0422276
0.000154719;0.0551355;0.145227
1.90021e-05;0.0551607;0.0216611
0.0474222;-0.0282872;-0.0181395
-0.000193108;-0.0552323;-0.163675
0.0488159;0.0253715;-0.038749
-0.0476305;0.0276075;-0.156925
-0.000389491;-0.0550671;-0.041273
0.00035097;-0.05519;-0.00679071
0.00124271;0.0551399;0.0379467
0.0475791;-0.027783;0.146574
0.0473263;-0.0282007;-0.0296974
0.000228625;0.0551206;-0.0233444
-0.001314;-0.0550999;-0.122728
0.0015771;0.0552047;-0.00812052
-0.0478197;-0.0274139;0.0610344
0.0475945;-0.0276161;-0.00720487
-0.0473822;-0.0280596;0.0783598
-0.048079;-0.0267605;0.0645825
-0.0482909;-0.0263672;0.0314197
-0.047329;0.0284096;-0.0264979
-0.0476569;0.0275257;-0.107862
-9.54627e-05;0.0550329;0.191715
0.000110697;-0.0552423;-0.00112059
-0.0474943;-0.0278548;0.101162
-0.047304;-0.0281854;-0.0244295
-0.047752;-0.0273904;0.119199
0.0483099;-0.0264268;0.0552237
-0.0471161;0.0284648;0.00575339
-0.0478242;0.0274735;-0.0247243
-0.0475838;-0.0276532;0.0243406
0.00118913;0.0551137;0.00881568
0.0489672;0.0251301;-0.0203784
-0.00110749;0.0550152;0.0479807
0.000903299;0.055021;0.0469216
-0.0482277;0.0264851;-0.0168951
0.000506171;-0.0551526;-0.0357724
-0.00201512;0.0551358;0.0225867
0.00107922;-0.0551699;-0.0805827
0.0474766;-0.0279336;0.0613664
-0.000450054;0.0551266;0.0133169
0.0493303;0.0244313;-0.033488
0.00174495;0.0549928;0.0296443
-0.0479594;-0.0271456;0.0668965
-0.0475478;0.0276685;-0.0617636
0.00259987;0.0549439;-0.0133416
0.0480462;0.027069;-0.0525689
0.0477724;0.027402;-0.127985
-1.02561e-05;0.0550326;0.172384
-0.0476483;-0.02764;0.00147399
0.0475266;0.028027;-0.0126352
-0.000569311;0.0550031;0.0198336
0.0483722;0.0265221;0.000867743
0.0477538;0.0275844;-0.0762349
0.0473425;0.0280997;-0.0106498
0.0483023;0.0268189;-0.0133134
0.0474572;0.0279564;-0.0730884
0.0490582;0.0250878;0.00495622
0.047257;0.0283312;-0.0599614
0.04808;0.0267403;-0.00405684
-7.76123e-06;0.0550874;0.0691072
2.49783e-05;-0.0550611;-0.0301197
-0.0469372;0.0287749;-0.0526227
-0.000222724;-0.055128;-0.0205236
-0.000589592;0.0551546;0.0651736
-0.0487015;-0.0256892;-0.0100076
0.0475902;0.0279627;-0.022308
-0.0481455;-0.0267402;-0.0121249
-0.0480503;0.0268137;-0.0217556
-0.0475716;-0.0280561;0.00469141
0.048136;-0.0268452;-0.0128252
0.046211;0.0299644;0.0179329
0.0023483;0.0550402;0.0362996
0.0464375;0.029632;-0.0555083
-0.0487009;-0.0256289;0.00620961
-0.0482259;-0.026676;0.00135684
0.00161136;0.0549982;-0.0205994
-0.047705;0.0275493;-0.0483935
-0.0474516;0.0278456;-0.0591626
0.0024061;0.054998;0.0497535
0.0468212;0.0291667;-0.01549
-0.0478397;0.0272351;-0.0200174
0.0477776;0.0276816;0.01065
0.0479123;-0.0270954;0.0466361
-0.0485042;-0.0263246;0.0628563
-0.0480205;-0.027275;0.0745206
0.0477847;-0.0273168;0.111679
0.0461309;-0.0301537;-0.00849447
0.000185663;0.0550293;0.0669614
-0.000990145;0.0551216;-0.0150856
0.0472949;0.0283599;-0.0280699
-0.000936976;-0.0550319;-0.00343913
0.00372814;-0.0548854;-0.000589902
0.00102152;0.0550128;0.0548085
-0.000586033;0.0551986;0.0284119
0.00260163;0.0551406;-0.0151057
-0.0477478;0.0277005;-0.0544739
0.0481042;0.0269137;-0.0323468
-0.000285603;-0.0552457;-0.0918265
2.17487e-05;0.0550238;0.0826613
0.0015194;0.0550799;0.0467952
0.00140067;0.0551339;-0.00883949
-0.0470654;-0.0284714;-0.0177945
-0.00114319;-0.0551822;0.000630605
-0.000970938;-0.0551426;-0.0357911
0.0476616;-0.0275489;0.040759
-0.0465186;0.0293825;-0.0158819
-0.00161891;-0.0550337;-0.0405668
-0.0467843;0.0289435;-0.0226432
0.0472094;-0.0286149;-0.0121439
0.0011005;0.0549916;0.0302813
-0.047563;0.0277209;-0.0873006
-0.047453;0.0279864;-0.00516208
0.0482069;-0.0265817;-0.0198494
0.0477987;-0.0275869;0.0363408
-0.0477809;0.0276795;-0.156173
-0.00223462;-0.0550958;-0.0288323
0.0479121;0.027468;-0.0639055
-0.047226;0.0286364;-0.0449415
-0.0470928;0.0285839;-0.0286869
0.00356616;0.0550023;0.0194729
0.0487341;0.0255314;-0.0383884
0.0476159;-0.0275323;0.0156528
-0.0471818;0.0282915;-0.00685523
0.0478767;-0.0274019;-0.0173267
-0.000648935;-0.055009;-0.059949
-0.00213622;-0.0550349;0.00150046
-0.0478707;-0.0274359;0.0473089
-0.000627836;-0.0551153;-0.0984968
0.0475073;-0.0279694;0.0845149
-0.000104509;0.0550102;0.0290859
-0.00100288;-0.0550584;-0.00713224
-0.0478046;0.0273693;-0.0211517
0.0477459;-0.0273987;-0.0160345
-0.000341532;0.0550678;0.0341363
0.047321;0.0283182;-0.0184404
-0.0475749;0.0276353;-0.0755728
0.0476425;0.0275015;-0.034122
-0.0488518;-0.0253314;-0.0225207
0.0478407;-0.0273891;0.0563579
0.0487266;-0.0256186;0.0113926
0.048529;-0.0262134;0.0259283
-0.0019353;-0.0551043;-0.0126655
0.000186027;0.0551584;-0.00920227
-0.0487863;-0.0254326;-0.0169742
0.0480777;-0.026825;-0.003099
-0.000538412;0.055249;-0.0146768
-0.0489957;-0.0254955;0.00639905
-0.000122329;-0.0552136;-0.168628
0.00131934;-0.0551007;0.00802726
0.0483906;0.0265538;-0.029189
-0.046977;0.028836;-0.0346487
0.0475211;-0.0277896;0.140717
-0.000515095;0.0551698;0.0134663
-0.0469126;-0.0287283;0.0661328
-0.0474875;0.0278125;-0.0565398
0.0485728;0.0260617;-0.0801628
0.00160312;-0.0549787;-0.052138
0.000207922;0.0551589;0.00646203
0.0478914;0.0273825;-0.0741844
-0.0476495;-0.0276885;0.00305724
0.0490221;-0.0249929;-0.0271198
0.0483105;-0.026581;0.0581288
0.0476697;-0.0279274;0.0304642
-0.0469246;-0.0287118;-0.000709326
-0.0468988;-0.0289561;0.00579446
0.000521181;-0.0552079;-0.0286028
0.00133823;0.0550315;0.00441127
-0.0468788;0.0291971;-0.036773
0.0474186;0.0279011;-0.00435528
-0.0473711;-0.0281155;-0.0248508
0.0469989;-0.0289778;-0.00874027
0.0483735;-0.0265094;0.0144734
0.0476021;0.0275513;-0.0919789
0.0470074;0.0286238;-0.00755933
0.0487923;-0.0254806;0.0156871
-0.000916873;0.0550088;0.0472527
-0.0476035;0.0276071;-0.128058
0.0466166;-0.0292032;-0.00588339
-0.0475324;0.027721;-0.0428238
0.00127593;0.0552221;-0.00971476
-0.0477091;0.0274556;-0.0587134
-0.0480678;0.0268142;-0.0486755
0.0476321;0.0277916;-0.053875
-0.000132379;0.0550986;0.0309352
0.0473548;-0.0283773;0.0214506
0.0476174;0.0276702;-0.0133909
0.0477892;0.0272503;-0.147143
-0.0481091;0.026719;-0.0320615
-0.048257;0.0265737;-0.0784968
0.0470153;-0.0287598;0.0572175
-0.000588282;-0.0551269;-0.0466513
0.0465681;-0.0293055;0.0179259
-0.0478859;0.027091;-0.00614409
-0.0483356;0.0264523;-0.00585451
-0.00103598;-0.0552399;-0.038065
-0.0479963;-0.0270192;-0.00195133
0.0477132;0.0276474;-0.0231778
0.0481491;0.026785;-0.0589633
0.0482369;0.0268149;0.0019259
-0.0474448;0.0278279;-0.0457966
0.000661012;0.0550936;0.0321311
-0.0483681;-0.0264397;-0.00600603
-0.0486065;-0.0257726;0.0374575
0.000818445;0.055145;0.0439122
-0.000369865;0.0550187;-0.0154506
0.0479154;-0.0271633;0.117005
0.000807949;0.0551919;0.0125708
-0.000979075;0.0550169;0.0245158
0.0472144;-0.0282558;0.0146
-0.0481867;-0.026765;-0.0194612
0.0481542;-0.0267304;0.0260207
-0.0473639;0.0284166;-0.0213669
-0.048279;-0.0263617;0.0554182
0.0474018;-0.0282058;0.0156647
0.046706;-0.0290833;0.022492
-0.0480512;0.0269023;-0.0459002
-0.0475759;0.0279219;-0.109297
-0.0468254;0.0289899;-0.00702052
-0.048602;-0.0259336;0.0440638
-0.0467462;-0.0289846;0.0381537
0.00194538;0.0551357;-0.0258631
0.000767604;0.0550975;0.0399339
0.000196573;0.0550256;0.0611604
-0.000831866;0.0552009;0.00848828
-0.0474849;-0.0278162;0.0275232
0.0475952;0.027831;-0.0283818
0.0477194;-0.0277366;0.116775
0.0479267;-0.0269871;0.0815091
-0.0486932;-0.0257525;0.00478527
-0.0475601;-0.0278349;0.00738752
-0.0462207;-0.0300087;0.018923
-0.000991687;-0.0551115;-0.114293
0.0483925;-0.0265884;-0.0178578
0.0489218;-0.0253537;-0.0108821
-0.0466502;-0.029434;-0.0288488
0.04898;0.0250987;-0.0233995
0.0481121;-0.0268577;-0.0177934
-0.0474794;0.0278991;-0.00712234
0.0472383;-0.028247;0.0621221
0.04766;-0.0274775;0.0269471
-0.00150534;0.0550132;-0.027874
-0.0478946;-0.0275282;0.00227178
0.0476861;-0.0274972;0.044577
-0.0475122;0.0279122;-0.0617981
0.0479202;0.0272799;-0.0586986
0.000197053;0.0550334;0.03352
0.0010294;0.0550616;-0.00741887
0.0476725;0.0275701;-0.0394173
-0.0479232;0.0270106;-0.07939
0.0476931;-0.0275137;0.0955112
-0.00164421;-0.0552123;-0.090545
-0.000771679;0.0552327;0.0024538
0.00061705;0.0550667;0.0360507
-0.00131961;0.0550368;-0.000316943
-0.00203236;-0.0550179;-0.0457502
0.0470824;0.0284794;-0.0188439
-0.0460746;-0.0302089;0.0322571
0.047256;-0.0281742;0.0316789
0.0482702;-0.026364;0.0457196
-0.0480298;-0.027207;0.0306668
0.0465752;-0.0294608;0.00225833
0.000311446;0.0551617;0.110646
-0.0466155;0.0295192;-0.00552808
-0.000157139;0.0550192;0.0993942
0.0480101;0.0273004;-0.101121
0.0479244;0.0271032;-0.0637132
-0.0479977;-0.0270132;0.0519563
-0.00224925;-0.0549739;0.00810285
0.0481367;0.0270885;-0.0770229
0.0493584;0.0248305;-0.00350601
0.00036526;0.0551302;0.0522396
0.000159028;0.0550618;0.0860806
-0.0489029;-0.0255816;-0.0283029
-0.0488218;-0.0258072;0.0193683
0.0477329;0.0278756;-0.0428761
-0.0476353;0.0276956;-0.142606
0.000881537;0.0551976;-0.00391874
0.0483467;-0.0264591;-0.0243889
0.00170643;-0.0549966;-0.0266076
-0.0471202;0.0285533;-0.0307675
0.0482926;-0.0266605;-0.019284
0.000279752;0.0550623;0.0946199
0.00117388;-0.0552062;-0.0308834
0.0476196;-0.0276728;0.134756
0.0472209;-0.0283371;0.0158775
-0.0464618;-0.0296361;-0.00866082
-0.0476501;0.0278445;-0.0868793
-0.00106332;-0.0549953;-0.042941
-0.0480669;0.027003;0.014828
0.0471896;-0.0282678;0.036703
0.00076048;0.0551399;0.0358744
0.0475809;0.0276628;-0.0796765
0.0478062;-0.0273707;0.0278745
-0.047428;-0.0279981;-0.00972195
-0.0474592;-0.0280119;0.023144
0.0468954;0.0289474;-0.0425011
0.0481161;-0.0269009;0.0496983
1.32452e-05;0.0550419;-0.0106344
-0.00140518;0.0551375;0.0328458
0.0012371;-0.0552521;-0.047867
0.00297268;0.0549553;-0.0203053
-0.0495537;-0.0240642;0.0234146
-0.0467424;0.0290094;-0.0192848
-0.0474425;0.0279162;0.00723049
-0.000213259;-0.0551501;-0.120801
-0.00042694;0.0551362;0.0186918
-0.0483783;-0.0263545;0.0259859
0.0469038;0.0288852;-0.0384935
-0.0482964;0.0264249;-0.0211116
-0.0484095;-0.0261552;0.020424
0.000656252;0.0551816;0.000551755
0.04727;-0.0284146;0.00973269
-0.047725;0.0276726;-0.127564
0.000133493;0.0550127;-0.0107071
-0.0464909;-0.02944;-0.00238127
0.000141601;-0.0550918;-0.0538251
0.000927194;0.0551585;-0.0218445
-0.0474043;-0.0279278;0.0477293
0.000238923;0.055161;0.0509541
-0.0474781;0.0280081;-0.00679915
0.047228;-0.0284201;0.0652417
-0.0478471;-0.0273137;0.0646296
-0.0481983;-0.0269216;0.0603173
-0.00226379;-0.0550383;-0.0202636
-0.0480014;-0.0271222;0.0557812
-0.0481359;-0.0269406;-0.0118177
0.0490348;0.0252388;-0.0642134
-0.000396753;0.0551225;-0.00317709
-0.0479036;0.0272604;-0.0485222
-0.0470789;0.0284628;-0.0263622
0.00167862;0.0552202;0.0332937
0.0483017;0.0265486;0.00385737
-0.0472189;-0.0282786;-0.00873943
-0.0476495;0.0276704;-0.14657
-0.047252;-0.0284344;0.0271159
-0.00104963;-0.0550532;-0.0395269
-0.0476673;-0.0277874;0.0191352
0.0480491;-0.0267895;0.0244998
-0.0486176;0.0258886;-0.0451916
-0.0487476;-0.0258446;0.0325423
-0.0470433;0.0286972;0.00564114
0.0477712;-0.0273043;0.0587399
0.000353714;-0.0550168;-0.0231162
-0.00117835;-0.0550335;-0.0412236
-0.0478377;-0.0271519;0.022941
-0.0474828;-0.0281322;0.00874666
-0.00172078;-0.0550396;-0.003534
0.0480163;0.0268627;-0.0620417
0.00014158;0.0550158;0.088806
0.0476022;-0.027792;0.0640725
0.0475499;0.0278371;0.0115113
0.0475265;0.0279119;-0.00038471
-0.0477566;-0.0274312;0.0138971
-0.047805;0.0275694;-0.051054
-0.00317231;-0.0551602;3.2206e-05
0.0467771;0.0292533;-0.00154418
0.0477804;0.0273973;-0.175688
-0.00196957;-0.0550442;0.0039881
0.048069;-0.0270469;0.0153549
-0.0476058;0.0275805;-0.0650482
0.0479329;0.027283;-0.0554431
0.0480069;0.0270929;-0.0817921
-0.0474948;-0.027757;-0.0115225
-0.000184156;-0.0550292;-0.039854
-0.0488506;0.0252985;-0.00334318
0.0483606;0.0262119;-0.0565928
-0.00282043;-0.0550912;-0.0446583
-0.0471172;0.0287827;-0.00171578
-7.10448e-06;-0.0551196;-0.0393222
-0.0487644;0.0255198;0.00653595
-0.048585;0.0259784;-0.0333901
-0.0476014;0.0279934;0.00259901
0.046985;0.0286236;0.0128806
-0.00112827;0.0551282;0.0562319
0.047904;-0.027118;-0.0240183
-0.0477395;-0.0273274;0.0359441
-0.0467161;-0.0290545;-0.00954455
-0.0485936;0.0258054;-0.0602019
