0;0.00541447;-0.00155527;0.0119008
5e-12;0.00570063;-0.00159153;0.0119822
1e-11;0.00598297;-0.00154028;0.0120688
1.5e-11;0.00623486;-0.00140684;0.0121614
2e-11;0.00643244;-0.0012043;0.0122603
2.5e-11;0.00655695;-0.000952324;0.0123644
3e-11;0.0065965;-0.000675259;0.0124716
3.5e-11;0.00654729;-0.000399877;0.0125792
4e-11;0.00641399;-0.000152822;0.0126843
4.5e-11;0.00620932;4.19113e-05;0.0127844
5e-11;0.00595282;0.000165263;0.0128783
5.5e-11;0.00566892;0.000204937;0.0129659
6e-11;0.00538467;0.000156585;0.0130477
6.5e-11;0.0051271;2.4234e-05;0.013125
7e-11;0.00492071;-0.000180098;0.0131991
7.5e-11;0.00478513;-0.000437533;0.0132711
8e-11;0.00473328;-0.000724131;0.0133419
8.5e-11;0.00477017;-0.00101315;0.0134122
9e-11;0.00489241;-0.00127758;0.0134827
9.5e-11;0.00508848;-0.00149271;0.0135541
1e-10;0.00533985;-0.0016385;0.0136276
1.05e-10;0.00562268;-0.00170147;0.0137043
1.1e-10;0.00591004;-0.00167604;0.0137856
1.15e-10;0.0061745;-0.0015651;0.0138727
1.2e-10;0.0063907;-0.00137972;0.0139661
1.25e-10;0.00653786;-0.00113814;0.0140652
1.3e-10;0.00660175;-0.000864014;0.0141682
1.35e-10;0.00657617;-0.000584165;0.0142724
1.4e-10;0.00646357;-0.000325998;0.0143749
1.45e-10;0.00627484;-0.000114879;0.0144731
1.5e-10;0.00602823;2.8321e-05;0.0145654
1.55e-10;0.00574759;8.9247e-05;0.0146512
1.6e-10;0.00546005;6.14658e-05;0.0147311
1.65e-10;0.00519335;-5.29007e-05;0.0148061
1.7e-10;0.00497323;-0.000243372;0.0148776
1.75e-10;0.00482094;-0.000492116;0.0149466
1.8e-10;0.0047512;-0.000775661;0.0150143
1.85e-10;0.00477082;-0.00106715;0.0150812
1.9e-10;0.00487802;-0.00133893;0.0151482
1.95e-10;0.00506258;-0.00156519;0.0152158
2e-10;0.00530682;-0.0017245;0.0152852
2.05e-10;0.00558724;-0.00180184;0.0153574
2.1e-10;0.0058768;-0.00179013;0.0154339
2.15e-10;0.00614744;-0.00169092;0.015516
2.2e-10;0.00637288;-0.00151428;0.0156044
2.25e-10;0.00653112;-0.00127782;0.0156987
2.3e-10;0.00660666;-0.00100501;0.0157972
2.35e-10;0.00659206;-0.000722919;0.0158974
2.4e-10;0.00648874;-0.000459533;0.0159963
2.45e-10;0.00630681;-0.000241075;0.0160913
2.5e-10;0.00606416;-8.94157e-05;0.0161805
2.55e-10;0.0057846;-1.99211e-05;0.0162632
2.6e-10;0.00549555;-3.99312e-05;0.01634
2.65e-10;0.00522535;-0.000148024;0.0164117
2.7e-10;0.00500048;-0.000334147;0.0164797
2.75e-10;0.00484297;-0.000580594;0.0165452
2.8e-10;0.00476829;-0.000863733;0.0166092
2.85e-10;0.00478384;-0.00115631;0.0166723
2.9e-10;0.00488821;-0.0014301;0.0167354
2.95e-10;0.00507132;-0.00165869;0.0167991
3e-10;0.00531536;-0.00182004;0.0168643
3.05e-10;0.00559649;-0.00189868;0.0169322
3.1e-10;0.00588717;-0.00188724;0.0170044
3.15e-10;0.00615884;-0.00178725;0.0170821
3.2e-10;0.00638468;-0.00160896;0.017166
3.25e-10;0.00654234;-0.00137039;0.0172558
3.3e-10;0.00661613;-0.00109556;0.0173499
3.35e-10;0.00659867;-0.000812094;0.0174457
3.4e-10;0.00649169;-0.000548545;0.0175402
3.45e-10;0.00630582;-0.000331521;0.0176307
3.5e-10;0.00605961;-0.000183061;0.0177154
3.55e-10;0.00577761;-0.000118423;0.0177937
3.6e-10;0.00548791;-0.000144545;0.017866
3.65e-10;0.00521936;-0.000259342;0.0179334
3.7e-10;0.00499869;-0.000451906;0.0179971
3.75e-10;0.00484787;-0.000703576;0.0180583
3.8e-10;0.00478196;-0.000989797;0.0181181
3.85e-10;0.00480761;-0.00128254;0.0181771
3.9e-10;0.00492238;-0.00155309;0.0182359
3.95e-10;0.00511501;-0.00177489;0.0182954
4e-10;0.00536644;-0.00192619;0.0183564
4.05e-10;0.00565173;-0.00199225;0.0184203
4.1e-10;0.00594248;-0.0019668;0.0184885
4.15e-10;0.00620964;-0.00185275;0.0185624
4.2e-10;0.00642643;-0.00166191;0.0186425
4.25e-10;0.00657103;-0.00141379;0.0187283
4.3e-10;0.00662882;-0.00113374;0.0188181
4.35e-10;0.00659394;-0.000850307;0.0189091
4.4e-10;0.00646987;-0.000592471;0.0189984
4.45e-10;0.00626918;-0.000386658;0.0190832
4.5e-10;0.0060122;-0.000254097;0.0191621
4.55e-10;0.00572495;-0.000208649;0.0192346
4.6e-10;0.00543649;-0.00025539;0.0193013
4.65e-10;0.00517601;-0.000390084;0.0193633
4.7e-10;0.00496985;-0.0005996;0.0194219
4.75e-10;0.00483886;-0.000863231;0.0194782
4.8e-10;0.00479635;-0.00115478;0.0195332
4.85e-10;0.00484672;-0.0014452;0.0195876
4.9e-10;0.00498501;-0.0017055;0.0196419
4.95e-10;0.00519738;-0.0019097;0.019697
5e-10;0.00546249;-0.00203744;0.0197539
5.05e-10;0.00575357;-0.00207608;0.0198141
5.1e-10;0.00604117;-0.00202201;0.0198789
5.15e-10;0.00629607;-0.00188108;0.0199495
5.2e-10;0.0064923;-0.00166796;0.0200264
5.25e-10;0.00660976;-0.00140475;0.0201087
5.3e-10;0.00663638;-0.00111869;0.0201941
5.35e-10;0.00656939;-0.000839396;0.0202798
5.4e-10;0.00641567;-0.00059584;0.0203627
5.45e-10;0.00619101;-0.000413387;0.0204407
5.5e-10;0.00591853;-0.000311177;0.0205124
5.55e-10;0.00562624;-0.000300145;0.0205778
5.6e-10;0.00534418;-0.000381878;0.0206378
5.65e-10;0.00510132;-0.00054844;0.0206936
5.7e-10;0.00492261;-0.000783185;0.0207464
5.75e-10;0.00482642;-0.00106245;0.0207974
5.8e-10;0.00482272;-0.00135797;0.0208472
5.85e-10;0.00491199;-0.0016398;0.0208966
5.9e-10;0.00508522;-0.0018793;0.0209463
5.95e-10;0.00532475;-0.00205219;0.020997
6e-10;0.00560608;-0.00214095;0.02105
6.05e-10;0.00590034;-0.00213672;0.0211068
6.1e-10;0.00617724;-0.00204023;0.0211689
6.15e-10;0.00640817;-0.00186177;0.0212371
6.2e-10;0.0065692;-0.0016201;0.0213113
6.25e-10;0.00664355;-0.00134061;0.02139
6.3e-10;0.00662344;-0.00105261;0.0214706
6.35e-10;0.00651095;-0.000786374;0.0215499
6.4e-10;0.00631781;-0.000569941;0.0216253
6.45e-10;0.00606417;-0.000426225;0.021695
6.5e-10;0.00577653;-0.000370598;0.0217583
6.55e-10;0.0054849;-0.000409273;0.0218156
6.6e-10;0.00521968;-0.000538643;0.0218681
6.65e-10;0.00500853;-0.000745646;0.0219171
6.7e-10;0.00487347;-0.00100912;0.0219637
6.75e-10;0.00482864;-0.00130201;0.0220089
6.8e-10;0.0048788;-0.00159415;0.0220533
6.85e-10;0.00501885;-0.00185542;0.0220976
6.9e-10;0.00523434;-0.00205885;0.0221425
6.95e-10;0.00550292;-0.00218348;0.0221891
7e-10;0.00579665;-0.00221654;0.0222387
7.05e-10;0.00608488;-0.00215482;0.022293
7.1e-10;0.00633743;-0.00200506;0.0223532
7.15e-10;0.00652778;-0.00178325;0.0224196
7.2e-10;0.00663586;-0.00151301;0.0224912
7.25e-10;0.00665021;-0.00122307;0.0225658
7.3e-10;0.00656928;-0.000944271;0.0226403
7.35e-10;0.00640163;-0.000706345;0.0227119
7.4e-10;0.006165;-0.000534746;0.0227782
7.45e-10;0.00588447;-0.000447966;0.0228382
7.5e-10;0.00558972;-0.000455553;0.0228921
7.55e-10;0.00531194;-0.00055709;0.0229407
7.6e-10;0.0050805;-0.000742229;0.0229853
7.65e-10;0.00491988;-0.000991784;0.0230273
7.7e-10;0.00484709;-0.00127974;0.0230675
7.75e-10;0.00486991;-0.00157601;0.0231067
7.8e-10;0.00498604;-0.00184958;0.0231456
7.85e-10;0.00518334;-0.00207179;0.0231847
7.9e-10;0.00544107;-0.00221936;0.0232251
7.95e-10;0.00573206;-0.00227689;0.0232682
8e-10;0.00602554;-0.00223849;0.0233154
8.05e-10;0.00629038;-0.00210847;0.0233682
8.1e-10;0.0064984;-0.00190093;0.0234273
8.15e-10;0.00662739;-0.00163822;0.0234919
8.2e-10;0.00666352;-0.00134862;0.0235602
8.25e-10;0.00660288;-0.00106332;0.0236292
8.3e-10;0.00645195;-0.0008131;0.0236959
8.35e-10;0.00622692;-0.000625022;0.0237578
8.4e-10;0.00595195;-0.000519542;0.0238134
8.45e-10;0.00565655;-0.000508294;0.0238629
8.5e-10;0.00537237;-0.000592827;0.0239069
8.55e-10;0.00512987;-0.000764434;0.0239466
8.6e-10;0.00495503;-0.00100508;0.0239834
8.65e-10;0.00486659;-0.00128933;0.0240183
8.7e-10;0.0048741;-0.00158705;0.0240521
8.75e-10;0.00497684;-0.00186665;0.0240853
8.8e-10;0.00516395;-0.0020984;0.0241187
8.85e-10;0.00541551;-0.00225769;0.0241531
8.9e-10;0.00570463;-0.00232762;0.0241898
8.95e-10;0.00600037;-0.00230087;0.0242305
9e-10;0.00627097;-0.00218052;0.0242767
9.05e-10;0.00648728;-0.00197974;0.024329
9.1e-10;0.00662591;-0.00172043;0.024387
9.15e-10;0.00667183;-0.0014308;0.024449
9.2e-10;0.00662002;-0.0011424;0.0245121
9.25e-10;0.00647608;-0.000886689;0.0245732
9.3e-10;0.00625564;-0.00069161;0.0246296
9.35e-10;0.00598265;-0.000578584;0.02468
9.4e-10;0.00568676;-0.000560161;0.024724
9.45e-10;0.00540007;-0.00063864;0.0247626
9.5e-10;0.00515367;-0.00080582;0.0247968
9.55e-10;0.00497426;-0.00104388;0.024828
9.6e-10;0.0048813;-0.00132733;0.0248572
9.65e-10;0.00488493;-0.00162572;0.0248852
9.7e-10;0.00498484;-0.00190697;0.0249127
9.75e-10;0.00517032;-0.0021408;0.0249402
9.8e-10;0.00542137;-0.00230205;0.0249686
9.85e-10;0.00571086;-0.00237337;0.0249993
9.9e-10;0.00600743;-0.00234717;0.0250339
9.95e-10;0.00627886;-0.00222648;0.0250738
1e-09;0.00649558;-0.00202464;0.02512
1.005e-09;0.00663389;-0.00176385;0.0251719
1.01e-09;0.00667863;-0.00147279;0.0252277
1.015e-09;0.00662485;-0.00118347;0.0252846
1.02e-09;0.00647843;-0.000927764;0.0253395
1.025e-09;0.00625544;-0.000733886;0.0253897
1.03e-09;0.00598038;-0.000623315;0.0254339
1.035e-09;0.00568343;-0.000608423;0.0254718
1.04e-09;0.00539716;-0.000691101;0.0255042
1.045e-09;0.00515293;-0.000862553;0.0255323
1.05e-09;0.00497749;-0.00110426;0.0255574
1.055e-09;0.00489006;-0.00139001;0.0255806
1.06e-09;0.00490026;-0.00168875;0.0256026
1.065e-09;0.00500705;-0.00196799;0.0256241
1.07e-09;0.00519884;-0.00219731;0.0256456
1.075e-09;0.00545473;-0.00235175;0.0256681
1.08e-09;0.00574676;-0.00241449;0.0256929
1.085e-09;0.00604296;-0.0023788;0.0257217
1.09e-09;0.0063108;-0.00224872;0.025756
1.095e-09;0.00652082;-0.00203874;0.0257964
1.1e-09;0.00664981;-0.00177215;0.0258425
1.105e-09;0.00668349;-0.00147852;0.0258923
1.11e-09;0.00661809;-0.00119042;0.0259429
1.115e-09;0.00646084;-0.000939855;0.0259911
1.12e-09;0.00622916;-0.000754707;0.0260345
1.125e-09;0.00594873;-0.00065565;0.0260717
1.13e-09;0.00565062;-0.000653852;0.0261027
1.135e-09;0.0053678;-0.000749728;0.0261283
1.14e-09;0.00513153;-0.000932897;0.0261498
1.145e-09;0.00496793;-0.00118333;0.0261686
1.15e-09;0.00489505;-0.00147357;0.0261854
1.155e-09;0.00492101;-0.00177175;0.0262012
1.16e-09;0.00504299;-0.00204511;0.0262165
1.165e-09;0.00524761;-0.00226358;0.0262319
1.17e-09;0.00551235;-0.00240312;0.0262485
1.175e-09;0.00580801;-0.00244842;0.0262676
1.18e-09;0.00610193;-0.00239454;0.026291
1.185e-09;0.00636155;-0.00224759;0.02632
1.19e-09;0.00655802;-0.002024;0.0263552
1.195e-09;0.00666948;-0.00174875;0.0263958
1.2e-09;0.00668345;-0.00145257;0.0264396
1.205e-09;0.00659835;-0.00116857;0.0264836
1.21e-09;0.00642366;-0.000928501;0.0265247
1.215e-09;0.00617889;-0.000759265;0.0265605
1.22e-09;0.00589139;-0.000679883;0.0265901
1.225e-09;0.00559323;-0.000699368;0.0266137
1.23e-09;0.00531762;-0.000815722;0.0266321
1.235e-09;0.00509526;-0.00101616;0.0266467
1.24e-09;0.00495086;-0.00127853;0.0266587
1.245e-09;0.00490051;-0.00157382;0.0266691
1.25e-09;0.00494983;-0.00186931;0.0266785
1.255e-09;0.00509339;-0.00213226;0.0266874
1.26e-09;0.00531531;-0.00233351;0.0266967
1.265e-09;0.00559095;-0.00245074;0.0267074
1.27e-09;0.00588968;-0.00247096;0.0267211
1.275e-09;0.00617824;-0.00239199;0.0267393
1.28e-09;0.00642442;-0.00222274;0.0267635
1.285e-09;0.00660069;-0.00198222;0.0267938
1.29e-09;0.00668726;-0.00169744;0.026829
1.295e-09;0.00667438;-0.00140038;0.0268668
1.3e-09;0.00656347;-0.00112441;0.0269038
1.305e-09;0.00636699;-0.000900553;0.0269372
1.31e-09;0.00610701;-0.000754022;0.0269651
1.315e-09;0.00581274;-0.000701362;0.0269866
1.32e-09;0.00551717;-0.000748598;0.0270023
1.325e-09;0.00525342;-0.000890563;0.0270132
1.33e-09;0.005051;-0.00111148;0.0270206
1.335e-09;0.00493254;-0.00138676;0.0270258
1.34e-09;0.00491128;-0.0016857;0.0270295
1.345e-09;0.00498963;-0.00197499;0.0270324
1.35e-09;0.00515887;-0.00222235;0.027035
1.355e-09;0.00540014;-0.00240017;0.0270382
1.36e-09;0.00568648;-0.00248858;0.0270432
1.365e-09;0.00598589;-0.00247774;0.0270516
1.37e-09;0.00626483;-0.00236891;0.0270651
1.375e-09;0.006492;-0.00217436;0.0270847
1.38e-09;0.00664182;-0.00191603;0.0271102
1.385e-09;0.0066974;-0.00162302;0.0271401
1.39e-09;0.00665244;-0.00132835;0.0271715
1.395e-09;0.00651198;-0.00106525;0.0272012
1.4e-09;0.00629187;-0.000863401;0.0272265
1.405e-09;0.00601695;-0.000745595;0.0272459
1.41e-09;0.00571821;-0.000725172;0.0272591
1.415e-09;0.00542927;-0.000804505;0.0272666
1.42e-09;0.00518261;-0.00097475;0.0272699
1.425e-09;0.00500591;-0.00121685;0.0272701
1.43e-09;0.00491898;-0.00150369;0.0272683
1.435e-09;0.00493158;-0.00180313;0.0272653
1.44e-09;0.0050423;-0.00208163;0.0272615
1.445e-09;0.00523875;-0.00230797;0.0272578
1.45e-09;0.00549893;-0.00245675;0.027255
1.455e-09;0.00579365;-0.00251129;0.0272545
1.46e-09;0.00608983;-0.00246546;0.027258
1.465e-09;0.00635416;-0.00232445;0.027267
1.47e-09;0.00655685;-0.00210418;0.0272823
1.475e-09;0.00667502;-0.00182951;0.027303
1.48e-09;0.00669526;-0.00153146;0.0273273
1.485e-09;0.00661526;-0.00124366;0.0273519
1.49e-09;0.00644406;-0.000998624;0.0273739
1.495e-09;0.00620102;-0.000824031;0.0273908
1.5e-09;0.00591363;-0.000739613;0.0274015
1.505e-09;0.00561433;-0.000754922;0.0274061
1.51e-09;0.00533686;-0.000868262;0.0274055
1.515e-09;0.00511244;-0.00106689;0.0274011
1.52e-09;0.00496629;-0.00132847;0.027394
1.525e-09;0.00491482;-0.00162362;0.0273853
1.53e-09;0.00496379;-0.00191915;0.0273754
1.535e-09;0.00510769;-0.00218187;0.0273652
1.54e-09;0.00533038;-0.00238223;0.0273551
1.545e-09;0.00560684;-0.0024977;0.0273465
1.55e-09;0.00590599;-0.00251525;0.0273407
1.555e-09;0.00619418;-0.00243291;0.0273396
1.56e-09;0.00643893;-0.00225996;0.0273444
1.565e-09;0.0066126;-0.00201592;0.0273553
1.57e-09;0.00669553;-0.00172834;0.0273711
1.575e-09;0.00667831;-0.00142966;0.0273894
1.58e-09;0.00656285;-0.00115363;0.0274069
1.585e-09;0.00636222;-0.000931378;0.0274207
1.59e-09;0.00609914;-0.000788007;0.0274289
1.595e-09;0.00580334;-0.000739682;0.0274308
1.6e-09;0.00550821;-0.000791837;0.0274269
1.605e-09;0.00524701;-0.000938572;0.0274183
1.61e-09;0.00504909;-0.00116334;0.0274063
1.615e-09;0.00493667;-0.00144082;0.027392
1.62e-09;0.00492236;-0.00173979;0.0273763
1.625e-09;0.00500774;-0.00202662;0.0273598
1.63e-09;0.00518318;-0.00226905;0.027343
1.635e-09;0.005429;-0.00243978;0.0273268
1.64e-09;0.00571755;-0.00251958;0.0273125
1.645e-09;0.0060164;-0.00249942;0.0273018
1.65e-09;0.00629192;-0.00238155;0.0272962
1.655e-09;0.00651305;-0.00217922;0.0272968
1.66e-09;0.0066548;-0.00191521;0.0273032
1.665e-09;0.00670115;-0.00161928;0.0273138
1.67e-09;0.0066468;-0.00132476;0.0273257
1.675e-09;0.0064979;-0.00106483;0.0273357
1.68e-09;0.00627127;-0.00086876;0.0273412
1.685e-09;0.00599252;-0.000758596;0.0273406
1.69e-09;0.00569311;-0.000746694;0.0273338
1.695e-09;0.00540674;-0.000834329;0.0273215
1.7e-09;0.0051656;-0.00101157;0.0273051
1.705e-09;0.00499672;-0.00125843;0.0272857
1.71e-09;0.00491901;-0.00154711;0.0272643
1.715e-09;0.00494111;-0.00184517;0.0272417
1.72e-09;0.00506052;-0.0021191;0.0272185
1.725e-09;0.00526382;-0.00233811;0.0271953
1.73e-09;0.0055282;-0.00247757;0.0271732
1.735e-09;0.005824;-0.00252175;0.0271535
1.74e-09;0.00611801;-0.00246562;0.0271379
1.745e-09;0.0063772;-0.00231544;0.027128
1.75e-09;0.00657241;-0.00208803;0.0271243
1.755e-09;0.00668164;-0.00180892;0.027126
1.76e-09;0.00669252;-0.00150943;0.027131
1.765e-09;0.00660382;-0.00122318;0.0271362
1.77e-09;0.00642551;-0.000982272;0.0271384
1.775e-09;0.00617771;-0.000813696;0.0271354
1.78e-09;0.00588829;-0.0007363;0.0271262
1.785e-09;0.00558979;-0.000758666;0.027111
1.79e-09;0.00531567;-0.000878168;0.0270907
1.795e-09;0.00509659;-0.00108129;0.0270666
1.8e-09;0.004957;-0.00134519;0.02704
1.805e-09;0.00491244;-0.00164023;0.0270116
1.81e-09;0.00496781;-0.00193333;0.0269823
1.815e-09;0.00511688;-0.00219165;0.0269525
1.82e-09;0.00534295;-0.00238622;0.0269231
1.825e-09;0.00562075;-0.0024952;0.0268951
1.83e-09;0.00591923;-0.00250631;0.0268701
1.835e-09;0.006205;-0.00241822;0.0268498
1.84e-09;0.00644607;-0.00224069;0.0268355
1.845e-09;0.00661541;-0.00199353;0.0268273
1.85e-09;0.00669401;-0.00170431;0.026824
1.855e-09;0.00667302;-0.00140532;0.026823
1.86e-09;0.00655476;-0.00112992;0.0268212
1.865e-09;0.0063525;-0.0009088;0.0268156
1.87e-09;0.00608891;-0.000766562;0.0268044
1.875e-09;0.00579351;-0.000718959;0.0267869
1.88e-09;0.00549928;-0.000771152;0.0267636
1.885e-09;0.00523902;-0.000917152;0.0267356
1.89e-09;0.00504166;-0.00114052;0.0267042
1.895e-09;0.00492905;-0.00141625;0.0266705
1.9e-09;0.00491365;-0.00171351;0.0266354
1.905e-09;0.00499707;-0.00199914;0.0265994
1.91e-09;0.00516999;-0.00224126;0.0265632
1.915e-09;0.00541314;-0.00241286;0.0265276
1.92e-09;0.00569949;-0.00249472;0.0264939
1.925e-09;0.0059972;-0.00247764;0.0264637
1.93e-09;0.00627315;-0.00236338;0.0264386
1.935e-09;0.00649664;-0.00216456;0.0264197
1.94e-09;0.00664274;-0.00190317;0.0264067
1.945e-09;0.00669514;-0.00160819;0.026398
1.95e-09;0.00664795;-0.00131229;0.0263909
1.955e-09;0.00650643;-0.00104822;0.0263821
1.96e-09;0.00628635;-0.000845184;0.0263689
1.965e-09;0.0060122;-0.000725551;0.0263498
1.97e-09;0.00571445;-0.00070241;0.0263244
1.975e-09;0.0054261;-0.000778123;0.0262934
1.98e-09;0.00517903;-0.000944091;0.0262581
1.985e-09;0.00500048;-0.00118175;0.0262197
1.99e-09;0.00491007;-0.00146463;0.0261792
1.995e-09;0.00491768;-0.00176134;0.0261375
2e-09;0.00502236;-0.00203896;0.026095
2.005e-09;0.0052125;-0.00226672;0.0260525
2.01e-09;0.00546708;-0.00241934;0.0260108
2.015e-09;0.00575797;-0.00247982;0.0259714
2.02e-09;0.00605309;-0.00244136;0.0259359
2.025e-09;0.00631984;-0.00230803;0.0259058
2.03e-09;0.00652876;-0.00209444;0.025882
2.035e-09;0.00665671;-0.001824;0.0258639
2.04e-09;0.00668952;-0.00152642;0.0258497
2.045e-09;0.00662353;-0.00123435;0.0258363
2.05e-09;0.00646602;-0.000979833;0.0258206
2.055e-09;0.00623439;-0.000790706;0.0258002
2.06e-09;0.00595421;-0.000687584;0.0257737
2.065e-09;0.00565634;-0.000681577;0.025741
2.07e-09;0.00537348;-0.000773095;0.025703
2.075e-09;0.00513661;-0.000951833;0.0256608
2.08e-09;0.0049716;-0.00119795;0.0256156
2.085e-09;0.00489639;-0.00148425;0.0255686
2.09e-09;0.0049191;-0.0017792;0.0255204
2.095e-09;0.00503712;-0.00205035;0.0254716
2.1e-09;0.00523748;-0.00226787;0.0254229
2.105e-09;0.00549822;-0.00240781;0.0253752
2.11e-09;0.00579079;-0.00245467;0.02533
2.115e-09;0.00608319;-0.00240317;0.025289
2.12e-09;0.00634344;-0.00225876;0.0252536
2.125e-09;0.00654303;-0.00203706;0.0252245
2.13e-09;0.00666009;-0.00176214;0.025201
2.135e-09;0.00668175;-0.00146387;0.0251809
2.14e-09;0.00660561;-0.00117464;0.0251614
2.145e-09;0.00644;-0.000925795;0.0251393
2.15e-09;0.00620304;-0.000744264;0.0251123
2.155e-09;0.00592061;-0.000649577;0.0250791
2.16e-09;0.00562349;-0.000651766;0.0250397
2.165e-09;0.00534396;-0.000750299;0.0249951
2.17e-09;0.00511232;-0.000934171;0.0249465
2.175e-09;0.00495357;-0.00118314;0.024895
2.18e-09;0.0048848;-0.00146996;0.0248417
2.185e-09;0.0049133;-0.00176331;0.0247872
2.19e-09;0.00503588;-0.00203124;0.0247322
2.195e-09;0.00523918;-0.00224453;0.0246774
2.2e-09;0.00550114;-0.00237992;0.0246237
2.205e-09;0.00579338;-0.00242255;0.0245726
2.21e-09;0.00608428;-0.0023676;0.0245257
2.215e-09;0.00634234;-0.00222081;0.0244846
2.22e-09;0.00653961;-0.00199786;0.0244497
2.225e-09;0.00665469;-0.00172266;0.0244204
2.23e-09;0.00667508;-0.00142475;0.0243946
2.235e-09;0.00659854;-0.00113608;0.0243692
2.24e-09;0.00643335;-0.000887553;0.0243412
2.245e-09;0.00619737;-0.000705719;0.0243083
2.25e-09;0.00591609;-0.000609877;0.0242691
2.255e-09;0.0056198;-0.000610027;0.0242239
2.26e-09;0.00534033;-0.000705817;0.0241733
2.265e-09;0.0051076;-0.000886619;0.0241187
2.27e-09;0.00494645;-0.00113271;0.0240612
2.275e-09;0.00487399;-0.00141743;0.0240019
2.28e-09;0.00489782;-0.00171003;0.0239414
2.285e-09;0.00501527;-0.00197894;0.0238804
2.29e-09;0.00521368;-0.0021952;0.0238195
2.295e-09;0.00547174;-0.00233543;0.0237598
2.3e-09;0.00576185;-0.00238442;0.0237026
2.305e-09;0.00605296;-0.0023367;0.0236495
2.31e-09;0.00631394;-0.00219713;0.0236021
2.315e-09;0.00651686;-0.00198041;0.023561
2.32e-09;0.00663998;-0.00170944;0.0235256
2.325e-09;0.00667009;-0.00141293;0.0234939
2.33e-09;0.00660394;-0.00112224;0.0234629
2.335e-09;0.00644859;-0.000868082;0.0234297
2.34e-09;0.00622063;-0.000677237;0.0233916
2.345e-09;0.00594436;-0.000569685;0.0233475
2.35e-09;0.00564919;-0.000556505;0.0232972
2.355e-09;0.00536641;-0.000638724;0.0232414
2.36e-09;0.00512591;-0.000807244;0.0231814
2.365e-09;0.00495305;-0.00104385;0.0231184
2.37e-09;0.00486593;-0.00132318;0.0230534
2.375e-09;0.00487362;-0.0016154;0.0229872
2.38e-09;0.00497515;-0.00188937;0.0229204
2.385e-09;0.00515968;-0.00211591;0.0228536
2.39e-09;0.00540766;-0.00227085;0.0227877
2.395e-09;0.00569287;-0.0023376;0.0227242
2.4e-09;0.00598519;-0.00230883;0.0226646
2.405e-09;0.00625378;-0.00218734;0.0226104
2.41e-09;0.00647026;-0.00198566;0.0225625
2.415e-09;0.00661177;-0.0017248;0.0225205
2.42e-09;0.00666332;-0.00143197;0.0224827
2.425e-09;0.00661944;-0.0011377;0.0224464
2.43e-09;0.00648474;-0.000872652;0.0224085
2.435e-09;0.00627341;-0.000664344;0.0223663
2.44e-09;0.0060077;-0.000534293;0.0223181
2.445e-09;0.00571548;-0.000495755;0.0222637
2.45e-09;0.00542735;-0.000552364;0.0222036
2.455e-09;0.00517337;-0.00069778;0.022139
2.46e-09;0.00497993;-0.000916406;0.022071
2.465e-09;0.00486707;-0.00118505;0.0220008
2.47e-09;0.00484637;-0.00147535;0.0219292
2.475e-09;0.00491984;-0.00175677;0.0218568
2.48e-09;0.00507969;-0.00199972;0.0217842
2.485e-09;0.00530919;-0.00217862;0.0217124
2.49e-09;0.00558438;-0.00227459;0.0216424
2.495e-09;0.00587662;-0.00227735;0.0215759
2.5e-09;0.00615549;-0.00218631;0.0215144
2.505e-09;0.00639196;-0.00201067;0.0214591
2.51e-09;0.00656141;-0.00176837;0.0214099
2.515e-09;0.00664616;-0.0014843;0.0213657
2.52e-09;0.00663736;-0.00118762;0.021324
2.525e-09;0.0065359;-0.000908765;0.0212818
2.53e-09;0.00635231;-0.000676284;0.0212361
2.535e-09;0.00610564;-0.000513859;0.0211851
2.54e-09;0.00582144;-0.000437881;0.0211277
2.545e-09;0.00552903;-0.000455763;0.0210644
2.55e-09;0.00525852;-0.000565214;0.020996
2.555e-09;0.00503765;-0.000754517;0.0209237
2.56e-09;0.00488897;-0.00100377;0.0208489
2.565e-09;0.00482761;-0.00128698;0.0207723
2.57e-09;0.00485967;-0.00157471;0.0206947
2.575e-09;0.00498173;-0.00183712;0.0206168
2.58e-09;0.00518114;-0.00204698;0.0205391
2.585e-09;0.00543737;-0.00218248;0.0204628
2.59e-09;0.00572412;-0.00222941;0.0203893
2.595e-09;0.00601198;-0.00218265;0.0203201
2.6e-09;0.00627143;-0.00204665;0.0202567
2.605e-09;0.00647587;-0.00183504;0.0201996
2.61e-09;0.0066043;-0.00156914;0.0201482
2.615e-09;0.00664352;-0.00127582;0.0201007
2.62e-09;0.00658948;-0.000984698;0.0200542
2.625e-09;0.0064477;-0.000725129;0.0200056
2.63e-09;0.00623266;-0.000523194;0.0199525
2.635e-09;0.00596632;-0.000399048;0.0198935
2.64e-09;0.00567581;-0.000364876;0.0198282
2.645e-09;0.0053906;-0.000423681;0.0197572
2.65e-09;0.00513956;-0.000569014;0.0196818
2.655e-09;0.00494799;-0.000785675;0.0196031
2.66e-09;0.00483512;-0.00105129;0.0195222
2.665e-09;0.00481218;-0.00133859;0.0194399
2.67e-09;0.00488133;-0.00161817;0.0193569
2.675e-09;0.00503544;-0.00186145;0.0192738
2.68e-09;0.00525884;-0.00204353;0.0191915
2.685e-09;0.00552891;-0.0021457;0.0191111
2.69e-09;0.00581836;-0.0021573;0.0190342
2.695e-09;0.00609796;-0.0020768;0.0189622
2.7e-09;0.00633948;-0.00191199;0.0188963
2.705e-09;0.00651852;-0.00167912;0.0188368
2.71e-09;0.00661697;-0.0014013;0.0187824
2.715e-09;0.00662487;-0.00110613;0.0187309
2.72e-09;0.00654137;-0.000822919;0.0186794
2.725e-09;0.00637488;-0.000579717;0.0186249
2.73e-09;0.00614215;-0.000400508;0.0185652
2.735e-09;0.00586656;-0.000302806;0.0184994
2.74e-09;0.00557569;-0.00029591;0.0184274
2.745e-09;0.00529858;-0.000380007;0.0183501
2.75e-09;0.00506281;-0.000546193;0.0182687
2.755e-09;0.00489173;-0.0007774;0.0181844
2.76e-09;0.00480223;-0.00105013;0.0180981
2.765e-09;0.00480303;-0.00133683;0.0180107
2.77e-09;0.00489389;-0.00160858;0.0179228
2.775e-09;0.00506564;-0.001838;0.017835
2.78e-09;0.00530111;-0.00200193;0.0177483
2.785e-09;0.00557685;-0.0020837;0.017664
2.79e-09;0.00586543;-0.00207483;0.0175835
2.795e-09;0.00613816;-0.00197582;0.0175083
2.8e-09;0.00636792;-0.00179611;0.0174394
2.805e-09;0.00653187;-0.00155316;0.0173766
2.81e-09;0.00661366;-0.00127068;0.0173187
2.815e-09;0.00660512;-0.000976276;0.0172632
2.82e-09;0.00650709;-0.000698668;0.017207
2.825e-09;0.00632926;-0.000464883;0.0171473
2.83e-09;0.00608925;-0.000297562;0.0170823
2.835e-09;0.00581077;-0.000212732;0.0170109
2.84e-09;0.00552126;-0.000218244;0.0169336
2.845e-09;0.00524915;-0.000313025;0.016851
2.85e-09;0.00502108;-0.000487229;0.0167646
2.855e-09;0.00485929;-0.000723243;0.0166754
2.86e-09;0.00477947;-0.000997441;0.0165844
2.865e-09;0.00478928;-0.00128251;0.0164924
2.87e-09;0.00488759;-0.00155014;0.0163999
2.875e-09;0.00506465;-0.00177373;0.0163078
2.88e-09;0.00530305;-0.00193101;0.0162169
2.885e-09;0.0055794;-0.00200621;0.0161285
2.89e-09;0.00586664;-0.00199157;0.0160441
2.895e-09;0.00613665;-0.0018881;0.0159652
2.9e-09;0.006363;-0.00170553;0.0158927
2.905e-09;0.00652351;-0.00146128;0.0158262
2.91e-09;0.00660244;-0.00117879;0.0157645
2.915e-09;0.006592;-0.000885214;0.0157051
2.92e-09;0.00649321;-0.000608726;0.0156448
2.925e-09;0.00631568;-0.000375799;0.0155811
2.93e-09;0.00607674;-0.000208617;0.0155118
2.935e-09;0.00579962;-0.000122919;0.0154364
2.94e-09;0.00551122;-0.000126494;0.0153548
2.945e-09;0.00523942;-0.000218443;0.0152682
2.95e-09;0.00501044;-0.000389317;0.0151776
2.955e-09;0.00484626;-0.000622059;0.0150843
2.96e-09;0.00476258;-0.000893687;0.0149891
2.965e-09;0.00476731;-0.00117752;0.0148929
2.97e-09;0.00485983;-0.00144576;0.0147964
2.975e-09;0.00503111;-0.00167211;0.0147001
2.98e-09;0.00526454;-0.00183435;0.0146051
2.985e-09;0.00553756;-0.00191642;0.0145126
2.99e-09;0.00582385;-0.00190998;0.0144241
2.995e-09;0.00609578;-0.00181523;0.014341
3e-09;0.00632713;-0.00164084;0.0142642
3.005e-09;0.00649557;-0.00140319;0.0141936
3.01e-09;0.00658481;-0.0011247;0.0141279
3.015e-09;0.0065862;-0.000831707;0.0140647
3.02e-09;0.00649957;-0.000551905;0.0140011
3.025e-09;0.00633326;-0.000311674;0.0139343
3.03e-09;0.00610323;-0.000133554;0.0138623
3.035e-09;0.00583154;-3.40864e-05;0.013784
3.04e-09;0.00554419;-2.22409e-05;0.0136995
3.045e-09;0.00526858;-9.85856e-05;0.0136098
3.05e-09;0.00503091;-0.000255267;0.013516
3.055e-09;0.0048537;-0.000476795;0.0134193
3.06e-09;0.00475366;-0.000741552;0.0133207
3.065e-09;0.00474015;-0.00102386;0.0132209
3.07e-09;0.00481432;-0.00129641;0.0131206
3.075e-09;0.00496898;-0.00153286;0.0130206
3.08e-09;0.00518935;-0.0017103;0.0129217
3.085e-09;0.00545443;-0.00181143;0.012825
3.09e-09;0.005739;-0.00182619;0.0127321
3.095e-09;0.00601601;-0.00175271;0.0126443
3.1e-09;0.0062591;-0.00159751;0.0125627
3.105e-09;0.00644513;-0.00137488;0.0124875
3.11e-09;0.00655638;-0.00110549;0.0124176
3.115e-09;0.00658222;-0.000814422;0.0123509
3.12e-09;0.00652015;-0.0005288;0.0122845
3.125e-09;0.00637605;-0.000275181;0.0122156
3.13e-09;0.00616357;-7.70557e-05;0.0121419
3.135e-09;0.00590283;4.73776e-05;0.0120621
3.14e-09;0.00561845;8.69225e-05;0.0119761
3.145e-09;0.00533721;3.84226e-05;0.0118845
3.15e-09;0.00508551;-9.2972e-05;0.0117885
3.155e-09;0.00488693;-0.000294326;0.0116892
3.16e-09;0.00475997;-0.000546164;0.0115878
3.165e-09;0.00471641;-0.000824321;0.011485
3.17e-09;0.00476021;-0.0011022;0.0113815
3.175e-09;0.00488711;-0.00135327;0.0112781
3.18e-09;0.00508514;-0.00155353;0.0111756
3.185e-09;0.00533565;-0.00168372;0.0110749
3.19e-09;0.00561511;-0.00173115;0.0109775
3.195e-09;0.00589728;-0.00169091;0.0108848
3.2e-09;0.00615569;-0.00156627;0.0107981
3.205e-09;0.00636603;-0.00136844;0.0107177
3.21e-09;0.00650854;-0.00111549;0.0106433
3.215e-09;0.00656976;-0.000830645;0.0105729
3.22e-09;0.00654392;-0.000540084;0.010504
3.225e-09;0.00643339;-0.0002705;0.0104337
3.23e-09;0.00624854;-4.65834e-05;0.0103594
3.235e-09;0.00600665;0.000111279;0.0102794
3.24e-09;0.00573032;0.000188908;0.0101931
3.245e-09;0.00544528;0.000179643;0.0101008
3.25e-09;0.00517802;8.49346e-05;0.0100037
3.255e-09;0.00495329;-8.58202e-05;0.00990283
3.26e-09;0.00479185;-0.000316183;0.00979936
3.265e-09;0.00470855;-0.000584224;0.00969424
3.27e-09;0.00471098;-0.00086456;0.00958821
3.275e-09;0.00479881;-0.0011307;0.00948196
3.28e-09;0.00496378;-0.00135749;0.0093762
3.285e-09;0.00519055;-0.00152343;0.00927189
3.29e-09;0.00545803;-0.00161262;0.00917023
3.295e-09;0.0057414;-0.00161629;0.00907265
3.3e-09;0.00601436;-0.0015336;0.00898052
3.305e-09;0.00625156;-0.00137172;0.0088947
3.31e-09;0.00643094;-0.00114514;0.00881518
3.315e-09;0.00653578;-0.000874384;0.00874078
3.32e-09;0.00655629;-0.00058404;0.00866926
3.325e-09;0.00649054;-0.000300489;0.00859778
3.33e-09;0.00634459;-4.94566e-05;0.0085235
3.335e-09;0.00613197;0.000146372;0.00844426
3.34e-09;0.00587235;0.000269452;0.00835892
3.345e-09;0.00558969;0.00030899;0.00826739
3.35e-09;0.00531003;0.000261927;0.00817038
3.355e-09;0.00505905;0.000133194;0.00806902
3.36e-09;0.00485975;-6.47721e-05;0.0079645
3.365e-09;0.00473034;-0.000313201;0.00785787
3.37e-09;0.00468258;-0.000588723;0.00774997
3.375e-09;0.00472075;-0.000865517;0.00764151
3.38e-09;0.00484125;-0.00111767;0.00753318
3.385e-09;0.00503294;-0.00132152;0.00742578
3.39e-09;0.00527817;-0.00145785;0.00732037
3.395e-09;0.00555439;-0.00151361;0.00721826
3.4e-09;0.00583622;-0.00148315;0.00712088
3.405e-09;0.00609771;-0.00136875;0.00702941
3.41e-09;0.0063148;-0.00118039;0.00694439
3.415e-09;0.00646747;-0.000934871;0.00686534
3.42e-09;0.00654159;-0.000654234;0.00679061
3.425e-09;0.0065303;-0.000363738;0.00671767
3.43e-09;0.00643459;-8.95289e-05;0.00664361
3.435e-09;0.00626326;0.000143769;0.00656581
3.44e-09;0.00603203;0.000315309;0.00648248
3.445e-09;0.00576211;0.000409939;0.00639292
3.45e-09;0.00547818;0.000419575;0.00629739
3.455e-09;0.00520616;0.000343929;0.0061968
3.46e-09;0.00497082;0.000190508;0.00609233
3.465e-09;0.00479354;-2.61009e-05;0.00598515
3.47e-09;0.00469039;-0.000285578;0.00587621
3.475e-09;0.00467067;-0.000563729;0.00576631
3.48e-09;0.00473608;-0.000834686;0.00565613
3.485e-09;0.00488058;-0.00107324;0.00554639
3.49e-09;0.00509097;-0.00125714;0.00543798
3.495e-09;0.00534803;-0.00136909;0.00533203
3.5e-09;0.00562831;-0.00139833;0.00522992
3.505e-09;0.00590621;-0.00134164;0.00513302
3.51e-09;0.00615636;-0.00120367;0.00504232
3.515e-09;0.00635585;-0.000996458;0.00495804
3.52e-09;0.00648639;-0.000738397;0.00487932
3.525e-09;0.006536;-0.000452516;0.00480418
3.53e-09;0.00650007;-0.00016437;0.0047299
3.535e-09;0.00638188;0.00010029;0.00465361
3.54e-09;0.00619219;0.000317877;0.00457293
3.545e-09;0.00594832;0.000469117;0.0044864
3.55e-09;0.00567247;0.000540806;0.00439364
3.555e-09;0.00538972;0.000527004;0.00429516
3.56e-09;0.00512572;0.000429556;0.004192
3.565e-09;0.00490436;0.000257905;0.00408536
3.57e-09;0.00474564;2.8206e-05;0.00397635
3.575e-09;0.00466388;-0.00023815;0.00386588
3.58e-09;0.0046664;-0.000516476;0.00375468
3.585e-09;0.0047529;-0.000781014;0.00364345
3.59e-09;0.0049155;-0.00100726;0.00353294
3.595e-09;0.00513941;-0.00117415;0.00342411
3.6e-09;0.00540432;-0.001266;0.00331817
3.605e-09;0.00568616;-0.00127392;0.0032165
3.61e-09;0.00595933;-0.00119661;0.00312039
3.615e-09;0.00619897;-0.00104054;0.00303065
3.62e-09;0.00638323;-0.000819358;0.00294722
3.625e-09;0.00649527;-0.000552625;0.00286889
3.63e-09;0.00652484;-0.000264054;0.00279348
3.635e-09;0.00646919;2.06641e-05;0.00271815
3.64e-09;0.00633336;0.000276196;0.00264012
3.645e-09;0.0061297;0.000479878;0.00255722
3.65e-09;0.00587672;0.00061377;0.00246828
3.655e-09;0.00559737;0.000666292;0.0023732
3.66e-09;0.00531695;0.000633261;0.00227267
3.665e-09;0.0050608;0.000518253;0.0021678
3.67e-09;0.00485205;0.000332264;0.0020598
3.675e-09;0.0047095;9.26886e-05;0.00194971
3.68e-09;0.00464597;-0.000178256;0.00183841
3.685e-09;0.00466716;-0.000455537;0.0017266
3.69e-09;0.00477109;-0.000713553;0.00161497
3.695e-09;0.00494835;-0.000928432;0.00150432
3.7e-09;0.00518288;-0.00108018;0.00139569
3.705e-09;0.00545345;-0.0011545;0.00129031
3.71e-09;0.00573555;-0.00114408;0.00118958
3.715e-09;0.00600359;-0.00104929;0.00109468
3.72e-09;0.00623321;-0.000878152;0.00100623
3.725e-09;0.0064035;-0.000645651;0.000923908
3.73e-09;0.00649893;-0.000372342;0.000846243
3.735e-09;0.00651074;-8.24973e-05;0.00077084
3.74e-09;0.00643783;0.000198113;0.000694833
3.745e-09;0.0062868;0.00044456;0.000615533
3.75e-09;0.00607136;0.000635025;0.000531
3.755e-09;0.00581108;0.000752783;0.00044034
3.76e-09;0.00552953;0.000787721;0.000343671
3.765e-09;0.00525219;0.000737243;0.00024183
3.77e-09;0.00500412;0.000606496;0.00013599
3.775e-09;0.00480771;0.000407879;2.73273e-05
3.78e-09;0.00468065;0.000159914;-8.31473e-05
3.785e-09;0.00463438;-0.000114437;-0.00019462
3.79e-09;0.00467306;-0.000389838;-0.000306396
3.795e-09;0.00479316;-0.000640851;-0.00041777
3.8e-09;0.00498381;-0.000844224;-0.000527895
3.805e-09;0.00522776;-0.000980987;-0.000635691
3.81e-09;0.00550292;-0.00103817;-0.000739861
3.815e-09;0.00578435;-0.00101001;-0.00083905
3.82e-09;0.0060465;-0.000898462;-0.000932174
3.825e-09;0.00626551;-0.000713097;-0.00101883
3.83e-09;0.00642141;-0.000470192;-0.00109961
3.835e-09;0.00649995;-0.000191275;-0.00117625
3.84e-09;0.00649391;9.88407e-05;-0.00125129
3.845e-09;0.0064038;0.000374321;-0.00132762
3.85e-09;0.00623781;0.000610659;-0.00140779
3.855e-09;0.00601104;0.000786914;-0.0014935
3.86e-09;0.0057441;0.000887612;-0.00158536
3.865e-09;0.00546122;0.000904161;-0.00168303
3.87e-09;0.00518805;0.000835616;-0.00178557
3.875e-09;0.00494932;0.000688758;-0.00189175
3.88e-09;0.00476662;0.00047746;-0.00200043
3.885e-09;0.00465649;0.00022142;-0.00211065
3.89e-09;0.00462887;-5.56225e-05;-0.00222165
3.895e-09;0.00468625;-0.000328023;-0.00233273
3.9e-09;0.00482344;-0.000570545;-0.00244318
3.905e-09;0.00502799;-0.000760631;-0.00255209
3.91e-09;0.00528136;-0.000880449;-0.00265831
3.915e-09;0.00556053;-0.000918521;-0.00276053
3.92e-09;0.00584012;-0.000870791;-0.00285742
3.925e-09;0.00609464;-0.000741018;-0.00294805
3.93e-09;0.00630084;-0.000540457;-0.00303227
3.935e-09;0.00643983;-0.000286839;-0.00311098
3.94e-09;0.00649884;-2.76032e-06;-0.00318616
3.945e-09;0.00647243;0.000286391;-0.00326052
3.95e-09;0.00636296;0.000554754;-0.00333691
3.955e-09;0.00618045;0.000778358;-0.00341768
3.96e-09;0.00594155;0.000937321;-0.00350425
3.965e-09;0.00566807;0.00101767;-0.00359693
3.97e-09;0.00538495;0.0010126;-0.00369516
3.975e-09;0.00511796;0.00092314;-0.00379787
3.98e-09;0.0048914;0.00075797;-0.00390382
3.985e-09;0.00472588;0.000532684;-0.00401192
3.99e-09;0.00463646;0.000268334;-0.00412127
3.995e-09;0.00463128;-1.04752e-05;-0.00423116
4e-09;0.00471083;-0.00027781;-0.00434089
4.005e-09;0.00486786;-0.000508757;-0.0044497
4.01e-09;0.00508809;-0.000681686;-0.00455661
4.015e-09;0.00535143;-0.000780224;-0.00466043
4.02e-09;0.00563383;-0.000794768;-0.0047598
4.025e-09;0.00590944;-0.000723392;-0.00485349
4.03e-09;0.00615298;-0.000572052;-0.00494077
4.035e-09;0.00634205;-0.000354061;-0.00502181
4.04e-09;0.00645921;-8.8873e-05;-0.00509786
4.045e-09;0.00649362;0.000199697;-0.00517121
4.05e-09;0.00644205;0.000485669;-0.00524466
4.055e-09;0.00630923;0.000743287;-0.005321
4.06e-09;0.00610736;0.000949391;-0.00540228
4.065e-09;0.00585501;0.00108555;-0.00548955
4.07e-09;0.00557537;0.00113978;-0.00558279
4.075e-09;0.0052941;0.00110761;-0.00568121
4.08e-09;0.00503699;0.000992525;-0.00578361
4.085e-09;0.00482762;0.00080561;-0.0058888
4.09e-09;0.0046852;0.000564541;-0.00599574
4.095e-09;0.00462279;0.000291954;-0.00610361
4.1e-09;0.00464614;1.33854e-05;-0.00621173
4.105e-09;0.00475314;-0.00024506;-0.0063194
4.11e-09;0.00493399;-0.000459089;-0.00642579
4.115e-09;0.00517211;-0.00060845;-0.00652983
4.12e-09;0.00544561;-0.000678803;-0.00663026
4.125e-09;0.00572929;-0.000663067;-0.00672572
4.13e-09;0.00599696;-0.000562104;-0.00681514
4.135e-09;0.00622383;-0.000384672;-0.0068981
4.14e-09;0.00638884;-0.000146628;-0.00697519
4.145e-09;0.00647662;0.000130526;-0.0070481
4.15e-09;0.00647896;0.00042164;-0.00711939
4.155e-09;0.0063956;0.000700247;-0.00719195
4.16e-09;0.00623427;0.000941021;-0.00726833
4.165e-09;0.00600992;0.00112213;-0.00735021
4.17e-09;0.00574338;0.00122728;-0.00743815
4.175e-09;0.00545934;0.00124722;-0.00753174
4.18e-09;0.00518412;0.0011806;-0.00762997
4.185e-09;0.00494319;0.00103409;-0.0077316
4.19e-09;0.00475888;0.00082178;-0.00783547
4.195e-09;0.00464826;0.000563834;-0.00794065
4.2e-09;0.00462162;0.000284655;-0.00804641
4.205e-09;0.00468145;1.06281e-05;-0.00815207
4.21e-09;0.00482227;-0.000232306;-0.0082569
4.215e-09;0.00503105;-0.000421045;-0.00835996
4.22e-09;0.00528845;-0.000537476;-0.00846008
4.225e-09;0.00557055;-0.000570176;-0.00855594
4.23e-09;0.00585106;-0.000515511;-0.00864626
4.235e-09;0.0061038;-0.000378003;-0.00873023
4.24e-09;0.00630508;-0.000169941;-0.00880789
4.245e-09;0.00643599;8.97527e-05;-0.0088804
4.25e-09;0.00648419;0.000377292;-0.00894992
4.255e-09;0.00644511;0.000666252;-0.00901927
4.26e-09;0.00632237;0.00093005;-0.00909126
4.265e-09;0.0061275;0.00114444;-0.00916804
4.27e-09;0.00587876;0.0012898;-0.00925071
4.275e-09;0.00559948;0.00135298;-0.0093393
4.28e-09;0.00531583;0.00132852;-0.009433
4.285e-09;0.00505438;0.0012192;-0.00953061
4.29e-09;0.00483962;0.00103575;-0.0096309
4.295e-09;0.00469169;0.000795836;-0.00973285
4.3e-09;0.00462447;0.000522424;-0.00983563
4.305e-09;0.00464434;0.000241633;-0.00993857
4.31e-09;0.00474947;-1.96942e-05;-0.010041
4.315e-09;0.00493008;-0.000236496;-0.0101421
4.32e-09;0.00516924;-0.000387843;-0.0102407
4.325e-09;0.00544451;-0.000458919;-0.0103356
4.33e-09;0.00572997;-0.000442444;-0.0104255
4.335e-09;0.00599867;-0.000339399;-0.0105093
4.34e-09;0.00622517;-0.000158968;-0.0105866
4.345e-09;0.00638794;8.23084e-05;-0.0106582
4.35e-09;0.00647148;0.000362088;-0.0107259
4.355e-09;0.00646779;0.000654343;-0.0107923
4.36e-09;0.00637719;0.000931834;-0.0108603
4.365e-09;0.00620827;0.00116869;-0.0109324
4.37e-09;0.00597707;0.00134289;-0.0110101
4.375e-09;0.00570555;0.00143834;-0.0110938
4.38e-09;0.00541948;0.00144642;-0.0111828
4.385e-09;0.00514602;0.00136682;-0.0112762
4.39e-09;0.00491111;0.00120756;-0.0113726
4.395e-09;0.00473707;0.000984212;-0.0114709
4.4e-09;0.00464046;0.000718435;-0.0115702
4.405e-09;0.00463051;0.000435935;-0.0116699
4.41e-09;0.00470823;0.000164035;-0.0117692
4.415e-09;0.00486632;-7.09032e-05;-0.0118674
4.42e-09;0.0050898;-0.000245982;-0.0119635
4.425e-09;0.00535743;-0.000343957;-0.0120563
4.43e-09;0.0056437;-0.000354906;-0.0121444
4.435e-09;0.00592125;-0.000277219;-0.0122267
4.44e-09;0.00616346;-0.000117788;-0.0123025
4.445e-09;0.00634704;0.000108625;-0.0123723
4.45e-09;0.00645426;0.000380785;-0.0124377
4.455e-09;0.00647474;0.000673025;-0.012501
4.46e-09;0.00640647;0.000957711;-0.0125652
4.465e-09;0.006256;0.0012079;-0.012633
4.47e-09;0.00603782;0.00139996;-0.0127062
4.475e-09;0.00577295;0.00151581;-0.0127853
4.48e-09;0.00548688;0.00154473;-0.0128699
4.485e-09;0.00520715;0.00148436;-0.012959
4.49e-09;0.00496068;0.00134095;-0.0130513
4.495e-09;0.00477123;0.00112872;-0.0131457
4.5e-09;0.00465707;0.000868549;-0.0132412
4.505e-09;0.00462927;0.00058594;-0.013337
4.51e-09;0.00469057;0.000308582;-0.0134327
4.515e-09;0.00483517;6.37059e-05;-0.0135274
4.52e-09;0.00504918;-0.000124533;-0.0136201
4.525e-09;0.00531198;-0.000237401;-0.0137097
4.53e-09;0.00559819;-0.000263418;-0.0137948
4.535e-09;0.00588005;-0.000199513;-0.0138742
4.54e-09;0.00613016;-5.13611e-05;-0.0139473
4.545e-09;0.00632411;0.000167136;-0.0140142
4.55e-09;0.00644293;0.000435182;-0.0140764
4.555e-09;0.00647495;0.000727111;-0.0141363
4.56e-09;0.00641699;0.00101489;-0.0141968
4.565e-09;0.0062747;0.00127084;-0.0142606
4.57e-09;0.00606197;0.00147039;-0.0143296
4.575e-09;0.00579961;0.00159443;-0.0144045
4.58e-09;0.00551325;0.00163125;-0.014485
4.585e-09;0.00523087;0.00157763;-0.01457
4.59e-09;0.00498006;0.00143924;-0.0146582
4.595e-09;0.00478536;0.00122999;-0.0147484
4.6e-09;0.00466585;0.000970738;-0.0148398
4.605e-09;0.00463326;0.000687259;-0.0149315
4.61e-09;0.00469089;0.000407714;-0.015023
4.615e-09;0.00483319;0.000159934;-0.0151135
4.62e-09;0.0050463;-3.13073e-05;-0.0152021
4.625e-09;0.00530938;-0.000146723;-0.0152875
4.63e-09;0.00559663;-0.000174438;-0.0153685
4.635e-09;0.00587978;-0.000111195;-0.0154437
4.64e-09;0.00613087;3.72794e-05;-0.0155126
4.645e-09;0.00632504;0.000256809;-0.0155754
4.65e-09;0.00644298;0.000526146;-0.0156335
4.655e-09;0.00647295;0.00081907;-0.0156895
4.66e-09;0.00641193;0.00110698;-0.0157462
4.665e-09;0.00626594;0.00136175;-0.0158064
4.67e-09;0.00604948;0.00155848;-0.0158718
4.675e-09;0.00578403;0.00167803;-0.0159431
4.68e-09;0.00549594;0.00170892;-0.0160198
4.685e-09;0.0052138;0.00164843;-0.0161009
4.69e-09;0.0049656;0.00150296;-0.0161849
4.695e-09;0.004776;0.00128732;-0.0162709
4.7e-09;0.00466388;0.00102329;-0.0163578
4.705e-09;0.00464046;0.000737491;-0.016445
4.71e-09;0.00470814;0.000458725;-0.0165319
4.715e-09;0.00486031;0.000215156;-0.0166176
4.72e-09;0.00508191;3.15048e-05;-0.0167013
4.725e-09;0.00535093;-7.3423e-05;-0.0167816
4.73e-09;0.00564055;-8.86426e-05;-0.0168573
4.735e-09;0.00592181;-1.21296e-05;-0.0169271
4.74e-09;0.00616651;0.000148934;-0.0169905
4.745e-09;0.00635;0.000378846;-0.017048
4.75e-09;0.00645377;0.000654943;-0.0171012
4.755e-09;0.00646731;0.000949876;-0.0171529
4.76e-09;0.0063892;0.00123436;-0.0172058
4.765e-09;0.00622732;0.00148011;-0.0172627
4.77e-09;0.00599797;0.00166274;-0.017325
4.775e-09;0.00572429;0.00176418;-0.0173931
4.78e-09;0.00543386;0.00177456;-0.0174665
4.785e-09;0.00515594;0.00169316;-0.0175437
4.79e-09;0.00491857;0.00152854;-0.0176237
4.795e-09;0.0047457;0.00129764;-0.0177052
4.8e-09;0.00465483;0.00102411;-0.0177874
4.805e-09;0.00465521;0.000735906;-0.0178697
4.81e-09;0.00474691;0.000462512;-0.0179514
4.815e-09;0.00492076;0.000231973;-0.0180318
4.82e-09;0.00515928;6.80616e-05;-0.0181098
4.825e-09;0.00543838;-1.21421e-05;-0.018184
4.83e-09;0.00572977;-1.996e-08;-0.0182531
4.835e-09;0.00600384;0.000103666;-0.0183161
4.84e-09;0.00623263;0.000288809;-0.0183728
4.845e-09;0.00639273;0.000536957;-0.018424
4.85e-09;0.00646773;0.000823184;-0.0184718
4.855e-09;0.00644989;0.00111863;-0.0185191
4.86e-09;0.00634101;0.00139345;-0.0185686
4.865e-09;0.00615223;0.00161988;-0.0186227
4.87e-09;0.00590288;0.00177507;-0.0186825
4.875e-09;0.00561849;0.00184346;-0.0187479
4.88e-09;0.00532817;0.00181835;-0.0188181
4.885e-09;0.00506163;0.00170263;-0.0188916
4.89e-09;0.00484619;0.00150847;-0.0189672
4.895e-09;0.00470393;0.00125607;-0.019044
4.9e-09;0.00464951;0.000971605;-0.0191211
4.905e-09;0.00468859;0.000684582;-0.0191981
4.91e-09;0.00481728;0.000424803;-0.0192742
4.915e-09;0.00502246;0.000219341;-0.0193485
4.92e-09;0.00528315;8.97455e-05;-0.0194198
4.925e-09;0.00557256;4.98069e-05;-0.0194868
4.93e-09;0.00586088;0.00010409;-0.0195481
4.935e-09;0.00611831;0.000247419;-0.0196031
4.94e-09;0.00631815;0.000465377;-0.019652
4.945e-09;0.00643962;0.000735773;-0.0196963
4.95e-09;0.00647004;0.00103094;-0.0197386
4.955e-09;0.00640623;0.00132059;-0.0197818
4.96e-09;0.0062548;0.00157499;-0.0198285
4.965e-09;0.00603148;0.00176801;-0.0198806
4.97e-09;0.0057595;0.0018799;-0.0199384
4.975e-09;0.00546711;0.00189931;-0.0200014
4.98e-09;0.00518469;0.00182451;-0.0200683
4.985e-09;0.00494159;0.00166356;-0.0201378
4.99e-09;0.0047631;0.00143349;-0.0202088
4.995e-09;0.00466784;0.00115849;-0.0202805
